year,cik,name,sic,group,ticker,tiingo_start,tiingo_end,exchange,status,filed,last_10k
2010,2488,ADVANCED MICRO DEVICES INC,3674,semis,AMD,1983-03-21,2026-09-29,NASDAQ,listed,2009-02-24,2026-02-04
2010,99047,NYFIX INC,7373,cloud,,,,,unmapped,2009-03-16,2009-03-16
2010,275858,"Optelecom-NKF, Inc.",3663,network,,,,,unmapped,2009-03-30,2010-03-30
2010,350917,EMULEX CORP /DE/,3576,network,ELX,1990-03-26,2015-05-05,NYSE,delisted,2009-08-24,2014-08-28
2010,709519,"SUN MICROSYSTEMS, INC.",3571,semis,,,,,unmapped,2009-08-28,2009-08-28
2010,711065,APPLIED MICRO CIRCUITS CORP,3674,semis,AMCC,2001-01-02,2017-02-03,NASDAQ,delisted,2009-05-12,2016-05-20
2010,714603,DST SYSTEMS INC,7374,cloud,DST,1995-11-01,2018-04-17,NYSE,delisted,2009-02-25,2018-02-28
2010,728249,INTERPHASE CORP,3576,network,,,,,unmapped,2009-03-20,2015-03-26
2010,733269,"LiveRamp Holdings, Inc.",7374,cloud,ACXM,1984-09-07,2018-10-01,NASDAQ,delisted,2009-05-29,2026-05-21
2010,746838,UNISYS CORP,7373,cloud,UIS,1972-06-01,2026-09-29,NYSE,listed,2009-03-02,2026-02-25
2010,789019,MICROSOFT CORP,7372,cloud,MSFT,1986-03-13,2026-09-29,NASDAQ,listed,2009-07-30,2026-07-29
2010,804753,CERNER Corp,7373,cloud,CERN,1990-03-26,2022-09-08,NASDAQ,delisted,2009-03-02,2022-02-22
2010,855612,ZIX CORP,7374,cloud,ZIXI,1989-11-10,2021-12-23,NASDAQ,delisted,2009-03-04,2021-03-05
2010,858877,"CISCO SYSTEMS, INC.",3576,network,CSCO,1990-03-26,2026-09-29,NASDAQ,listed,2009-09-11,2026-09-02
2010,880446,VITESSE SEMICONDUCTOR CORP,3674,semis,VTSS,1991-12-11,2015-05-06,NASDAQ,delisted,2009-12-14,2014-12-04
2010,884650,INFINITE GROUP INC,7370,cloud,,,,,unmapped,2009-03-30,2025-11-03
2010,896878,INTUIT INC.,7372,cloud,INTU,1993-03-22,2026-09-29,NASDAQ,listed,2009-09-15,2026-09-09
2010,925043,ADVANT E CORP,7372,cloud,,,,,unmapped,2009-03-27,2013-03-28
2010,949158,CRAY INC,3571,semis,CRAY,1995-09-27,2019-09-25,NASDAQ,delisted,2009-03-13,2019-02-12
2010,1001279,INTERNET AMERICA INC,7374,cloud,,,,,unmapped,2009-09-28,2014-10-08
2010,1005757,CSG SYSTEMS INTERNATIONAL INC,7374,cloud,CSGS,1996-02-28,2026-05-14,NASDAQ,delisted,2009-03-03,2026-02-19
2010,1008586,STREAMLINE HEALTH SOLUTIONS INC.,7373,cloud,STRM,1996-04-18,2026-09-29,NASDAQ,delisted,2009-04-17,2025-05-02
2010,1009626,BROCADE COMMUNICATIONS SYSTEMS INC,3577,semis,BRCD,1999-05-25,2017-11-20,NASDAQ,delisted,2009-12-14,2016-12-16
2010,1011006,ALTABA INC.,7373,cloud,YHOO,1996-04-12,2017-06-26,NASDAQ,delisted,2009-02-27,2017-03-01
2010,1013237,FACTSET RESEARCH SYSTEMS INC,7370,cloud,FDS,1996-06-28,2026-09-29,NYSE,listed,2009-10-30,2025-10-22
2010,1016125,ULTIMATE SOFTWARE GROUP INC,7372,cloud,ULTI,1998-06-17,2019-05-03,NASDAQ,delisted,2009-03-02,2019-03-01
2010,1045810,NVIDIA CORP,3674,semis,NVDA,1999-01-22,2026-09-29,NASDAQ,listed,2009-03-13,2026-02-25
2010,1056386,Internap Corp,7370,cloud,INAPQ,1999-09-29,2020-04-30,NASDAQ,delisted,2009-03-13,2020-05-08
2010,1063254,S1 CORP /DE/,7370,cloud,,,,,unmapped,2009-03-05,2011-03-11
2010,1078271,EXTREME NETWORKS INC,3576,network,EXTR,1999-04-09,2026-09-29,NASDAQ,listed,2009-08-28,2026-08-17
2010,1107694,"RACKSPACE HOSTING, INC.",7370,cloud,RAX,2008-08-07,2016-11-11,NYSE,delisted,2009-03-02,2016-02-26
2010,1108524,"Salesforce, Inc.",7372,cloud,CRM,2004-06-23,2026-09-29,NYSE,listed,2009-03-09,2026-03-02
2010,1111247,RIGHTNOW TECHNOLOGIES INC,7372,cloud,,,,,unmapped,2009-03-06,2011-03-09
2010,1117106,NETSUITE INC,7372,cloud,,,,,unmapped,2009-03-13,2016-02-24
2010,1124610,VMWARE LLC,7372,cloud,VMW,2007-08-15,2023-11-22,NYSE,delisted,2009-02-26,2023-03-28
2010,1131554,SYNCHRONOSS TECHNOLOGIES INC,7371,cloud,SNCR,2006-06-15,2026-09-29,NASDAQ,delisted,2009-03-13,2025-03-12
2010,1135711,NETLOGIC MICROSYSTEMS INC,3674,semis,,,,,unmapped,2009-03-04,2012-02-15
2010,1166220,"LYRIS, INC.",7372,cloud,NOV,1996-10-29,2026-09-29,NYSE,delisted,2009-09-24,2014-09-18
2010,1175609,"CAVIUM, INC.",3674,semis,CAVM,2007-05-02,2018-07-09,NASDAQ,delisted,2009-03-02,2018-03-01
2010,1283073,Answers CORP,7372,cloud,,,,,unmapped,2009-03-09,2011-03-17
2010,1288776,GOOGLE INC.,7370,cloud,GOOGL,2004-08-19,2026-09-29,NASDAQ,delisted,2009-02-13,2016-02-11
2010,1289434,"Cogent, Inc.",7373,cloud,COGT,2007-12-27,2018-04-13,NASDAQ,delisted,2009-03-03,2010-03-15
2010,1297996,"DIGITAL REALTY TRUST, INC.",6798,infra,DLR,2004-10-29,2026-09-29,NYSE,listed,2009-03-02,2011-02-25
2010,1316625,Silicon Graphics International Corp,3571,semis,SGI,2003-12-18,2026-09-29,NYSE,delisted,2009-03-19,2016-09-02
2010,1332412,"VALLEY FORGE COMPOSITE TECHNOLOGIES, INC.",3812,infra,,,,,unmapped,2009-04-15,2012-03-30
2010,1356104,"Mellanox Technologies, Ltd.",3674,semis,MLNX,2007-02-08,2020-04-27,NASDAQ,delisted,2009-03-12,2020-02-20
2010,1357525,"Omniture, Inc.",7372,cloud,,,,,unmapped,2009-02-27,2009-02-27
2010,1375793,"Metalert, Inc.",3663,network,,,,,unmapped,2009-03-20,2025-04-16
2010,1396536,"DUOS TECHNOLOGIES GROUP, INC.",7372,cloud,,,,,unmapped,2009-03-16,2026-03-31
2010,1400400,"DemandTec, Inc.",7372,cloud,,,,,unmapped,2009-04-24,2011-04-21
2010,1402305,"SuccessFactors, Inc.",7372,cloud,,,,,unmapped,2009-02-27,2012-03-16
2010,1408501,3PAR Inc.,3572,semis,,,,,unmapped,2009-06-12,2010-06-14
2010,1411658,Digitiliti Inc,3572,semis,,,,,unmapped,2009-05-01,2012-04-16
2010,1412130,"Dot VN, Inc.",7370,cloud,,,,,unmapped,2009-07-29,2011-08-16
2011,2488,ADVANCED MICRO DEVICES INC,3674,semis,AMD,1983-03-21,2026-09-29,NASDAQ,listed,2010-02-19,2026-02-04
2011,26058,CTS CORP,3670,semis,CTS,1987-11-05,2026-09-29,NYSE,listed,2010-02-23,2026-02-24
2011,50863,INTEL CORP,3674,semis,INTC,1980-03-17,2026-09-29,NASDAQ,listed,2010-02-22,2026-01-23
2011,51143,INTERNATIONAL BUSINESS MACHINES CORP,3570,semis,IBM,1962-01-02,2026-09-29,NYSE,listed,2010-02-23,2026-02-24
2011,275858,"Optelecom-NKF, Inc.",3663,network,,,,,unmapped,2010-03-30,2010-03-30
2011,350917,EMULEX CORP /DE/,3576,network,ELX,1990-03-26,2015-05-05,NYSE,delisted,2010-08-26,2014-08-28
2011,711065,APPLIED MICRO CIRCUITS CORP,3674,semis,AMCC,2001-01-02,2017-02-03,NASDAQ,delisted,2010-05-12,2016-05-20
2011,714603,DST SYSTEMS INC,7374,cloud,DST,1995-11-01,2018-04-17,NYSE,delisted,2010-02-26,2018-02-28
2011,733269,"LiveRamp Holdings, Inc.",7374,cloud,ACXM,1984-09-07,2018-10-01,NASDAQ,delisted,2010-05-26,2026-05-21
2011,746838,UNISYS CORP,7373,cloud,UIS,1972-06-01,2026-09-29,NYSE,listed,2010-02-24,2026-02-25
2011,753568,EXAR CORP,3674,semis,EXAR,1990-03-26,2017-07-14,NYSE,delisted,2010-06-10,2016-05-27
2011,789019,MICROSOFT CORP,7372,cloud,MSFT,1986-03-13,2026-09-29,NASDAQ,listed,2010-07-30,2026-07-29
2011,790070,EMC CORP,3572,semis,EMC,1988-12-16,2016-09-15,NYSE,delisted,2010-02-26,2016-02-25
2011,804753,CERNER Corp,7373,cloud,CERN,1990-03-26,2022-09-08,NASDAQ,delisted,2010-02-22,2022-02-22
2011,855612,ZIX CORP,7374,cloud,ZIXI,1989-11-10,2021-12-23,NASDAQ,delisted,2010-03-15,2021-03-05
2011,858877,"CISCO SYSTEMS, INC.",3576,network,CSCO,1990-03-26,2026-09-29,NASDAQ,listed,2010-09-21,2026-09-02
2011,859014,COMPUWARE CORP,7372,cloud,,,,,unmapped,2010-05-27,2014-05-30
2011,877890,CITRIX SYSTEMS INC,7372,cloud,CTXS,1995-12-08,2022-11-02,NASDAQ,delisted,2010-02-24,2022-02-16
2011,880446,VITESSE SEMICONDUCTOR CORP,3674,semis,VTSS,1991-12-11,2015-05-06,NASDAQ,delisted,2010-12-01,2014-12-04
2011,884497,MEDQUIST INC,7374,cloud,,,,,unmapped,2010-03-12,2011-03-16
2011,884650,INFINITE GROUP INC,7370,cloud,,,,,unmapped,2010-02-26,2025-11-03
2011,896878,INTUIT INC.,7372,cloud,INTU,1993-03-22,2026-09-29,NASDAQ,listed,2010-09-16,2026-09-09
2011,918386,QLOGIC CORP,3576,network,,,,,unmapped,2010-05-20,2016-05-26
2011,949158,CRAY INC,3571,semis,CRAY,1995-09-27,2019-09-25,NASDAQ,delisted,2010-03-16,2019-02-12
2011,1001279,INTERNET AMERICA INC,7374,cloud,,,,,unmapped,2010-09-23,2014-10-08
2011,1005757,CSG SYSTEMS INTERNATIONAL INC,7374,cloud,CSGS,1996-02-28,2026-05-14,NASDAQ,delisted,2010-02-23,2026-02-19
2011,1008586,STREAMLINE HEALTH SOLUTIONS INC.,7373,cloud,STRM,1996-04-18,2026-09-29,NASDAQ,delisted,2010-04-16,2025-05-02
2011,1009626,BROCADE COMMUNICATIONS SYSTEMS INC,3577,semis,BRCD,1999-05-25,2017-11-20,NASDAQ,delisted,2010-12-17,2016-12-16
2011,1013237,FACTSET RESEARCH SYSTEMS INC,7370,cloud,FDS,1996-06-28,2026-09-29,NYSE,listed,2010-10-29,2025-10-22
2011,1013462,ANSYS INC,7372,cloud,ANSS,1996-06-21,2026-09-29,NASDAQ,delisted,2010-02-25,2025-02-19
2011,1016125,ULTIMATE SOFTWARE GROUP INC,7372,cloud,ULTI,1998-06-17,2019-05-03,NASDAQ,delisted,2010-03-05,2019-03-01
2011,1043604,JUNIPER NETWORKS INC,3576,network,JNPR,1999-06-25,2025-07-02,NYSE,delisted,2010-02-26,2025-02-21
2011,1045810,NVIDIA CORP,3674,semis,NVDA,1999-01-22,2026-09-29,NASDAQ,listed,2010-03-18,2026-02-25
2011,1048695,"F5, INC.",3576,network,FFIV,1999-06-04,2026-09-29,NASDAQ,listed,2010-11-23,2025-11-25
2011,1054374,BROADCOM CORP,3674,semis,,,,,unmapped,2010-02-03,2015-01-29
2011,1056386,Internap Corp,7370,cloud,INAPQ,1999-09-29,2020-04-30,NASDAQ,delisted,2010-03-02,2020-05-08
2011,1056923,DATALINK CORP,7373,cloud,DTLK,2001-01-02,2017-01-09,NASDAQ,delisted,2010-03-31,2016-03-14
2011,1063254,S1 CORP /DE/,7370,cloud,,,,,unmapped,2010-03-05,2011-03-11
2011,1077866,LOOKSMART LTD,7374,cloud,LOOK,1999-08-20,2015-10-27,NASDAQ,delisted,2010-03-26,2015-03-17
2011,1078075,NETSCOUT SYSTEMS INC,7373,cloud,NTCT,1999-08-12,2026-09-29,NASDAQ,listed,2010-05-28,2026-05-14
2011,1078271,EXTREME NETWORKS INC,3576,network,EXTR,1999-04-09,2026-09-29,NASDAQ,listed,2010-08-20,2026-08-17
2011,1083318,INTERACTIVE INTELLIGENCE INC,7372,cloud,,,,,unmapped,2010-03-16,2011-03-16
2011,1107694,"RACKSPACE HOSTING, INC.",7370,cloud,RAX,2008-08-07,2016-11-11,NYSE,delisted,2010-02-26,2016-02-26
2011,1108524,"Salesforce, Inc.",7372,cloud,CRM,2004-06-23,2026-09-29,NYSE,listed,2010-03-11,2026-03-02
2011,1111665,TELECOMMUNICATION SYSTEMS INC /FA/,7372,cloud,TSYS,2000-08-08,2016-02-24,NASDAQ,delisted,2010-03-09,2015-03-13
2011,1114925,LANTRONIX INC,3576,network,LTRX,2000-08-04,2026-09-29,NASDAQ,listed,2010-09-13,2026-08-27
2011,1117106,NETSUITE INC,7372,cloud,,,,,unmapped,2010-03-15,2016-02-24
2011,1124610,VMWARE LLC,7372,cloud,VMW,2007-08-15,2023-11-22,NYSE,delisted,2010-03-01,2023-03-28
2011,1134203,TALEO CORP,7372,cloud,,,,,unmapped,2010-03-11,2012-02-29
2011,1135711,NETLOGIC MICROSYSTEMS INC,3674,semis,,,,,unmapped,2010-02-26,2012-02-15
2011,1139570,"SUBAYE, INC.",7374,cloud,,,,,unmapped,2010-12-23,2010-12-23
2011,1166220,"LYRIS, INC.",7372,cloud,NOV,1996-10-29,2026-09-29,NYSE,delisted,2010-09-22,2014-09-18
2011,1175609,"CAVIUM, INC.",3674,semis,CAVM,2007-05-02,2018-07-09,NASDAQ,delisted,2010-03-01,2018-03-01
2011,1282631,NETLIST INC,3674,semis,,,,,unmapped,2010-02-19,2026-03-19
2011,1283073,Answers CORP,7372,cloud,,,,,unmapped,2010-03-08,2011-03-17
2011,1288776,GOOGLE INC.,7370,cloud,GOOGL,2004-08-19,2026-09-29,NASDAQ,delisted,2010-02-12,2016-02-11
2011,1289434,"Cogent, Inc.",7373,cloud,COGT,2007-12-27,2018-04-13,NASDAQ,delisted,2010-03-15,2010-03-15
2011,1297996,"DIGITAL REALTY TRUST, INC.",6798,infra,DLR,2004-10-29,2026-09-29,NYSE,listed,2010-02-26,2011-02-25
2011,1316625,Silicon Graphics International Corp,3571,semis,SGI,2003-12-18,2026-09-29,NYSE,delisted,2010-09-08,2016-09-02
2011,1332412,"VALLEY FORGE COMPOSITE TECHNOLOGIES, INC.",3812,infra,,,,,unmapped,2010-04-14,2012-03-30
2011,1337615,China Intelligence Information Systems Inc.,7372,cloud,,,,,unmapped,2010-04-14,2011-03-29
2011,1341439,ORACLE CORP,7372,cloud,ORCL,1986-03-12,2026-09-29,NYSE,listed,2010-07-01,2026-06-22
2011,1355128,ZCO LIQUIDATING Corp,3572,semis,,,,,unmapped,2010-05-20,2013-10-07
2011,1356104,"Mellanox Technologies, Ltd.",3674,semis,MLNX,2007-02-08,2020-04-27,NASDAQ,delisted,2010-03-05,2020-02-20
2011,1373671,"Isilon Systems, Inc.",3572,semis,,,,,unmapped,2010-02-05,2010-02-05
2011,1375365,"Super Micro Computer, Inc.",3571,semis,SMCI,2007-03-29,2026-09-29,NASDAQ,listed,2010-09-07,2026-08-31
2011,1375793,"Metalert, Inc.",3663,network,,,,,unmapped,2010-03-31,2025-04-16
2011,1396536,"DUOS TECHNOLOGIES GROUP, INC.",7372,cloud,,,,,unmapped,2010-03-29,2026-03-31
2011,1400400,"DemandTec, Inc.",7372,cloud,,,,,unmapped,2010-04-23,2011-04-21
2011,1402305,"SuccessFactors, Inc.",7372,cloud,,,,,unmapped,2010-02-26,2012-03-16
2011,1408501,3PAR Inc.,3572,semis,,,,,unmapped,2010-06-14,2010-06-14
2011,1411658,Digitiliti Inc,3572,semis,,,,,unmapped,2010-04-15,2012-04-16
2011,1412130,"Dot VN, Inc.",7370,cloud,,,,,unmapped,2010-07-29,2011-08-16
2011,1419951,Data Storage Corp,7374,cloud,DTST,2010-09-20,2026-09-29,NASDAQ,listed,2010-04-16,2026-04-14
2011,1420302,"LogMeIn, Inc.",7372,cloud,LOGM,2009-07-01,2020-08-31,NASDAQ,delisted,2010-02-26,2020-02-14
2011,1432150,"GigPeak, Inc.",3674,semis,,,,,unmapped,2010-03-31,2017-03-15
2011,1445356,"Muscato Group, Inc.",7372,cloud,,,,,unmapped,2010-03-31,2010-03-31
2011,1453814,"Medidata Solutions, Inc.",7372,cloud,MDSO,2009-06-25,2019-10-28,NASDAQ,delisted,2010-03-15,2019-03-01
2011,1474439,"Telenav, Inc.",3812,infra,TNAV,2010-05-13,2021-02-17,NASDAQ,delisted,2010-09-24,2020-08-21
2012,2488,ADVANCED MICRO DEVICES INC,3674,semis,AMD,1983-03-21,2026-09-29,NASDAQ,listed,2011-02-18,2026-02-04
2012,26058,CTS CORP,3670,semis,CTS,1987-11-05,2026-09-29,NYSE,listed,2011-02-24,2026-02-24
2012,50471,"ReposiTrak, Inc.",7374,cloud,TRAK,2005-12-13,2026-09-29,NYSE,listed,2011-09-13,2026-09-28
2012,50863,INTEL CORP,3674,semis,INTC,1980-03-17,2026-09-29,NASDAQ,listed,2011-02-18,2026-01-23
2012,51143,INTERNATIONAL BUSINESS MACHINES CORP,3570,semis,IBM,1962-01-02,2026-09-29,NYSE,listed,2011-02-22,2026-02-24
2012,350917,EMULEX CORP /DE/,3576,network,ELX,1990-03-26,2015-05-05,NYSE,delisted,2011-08-23,2014-08-28
2012,711065,APPLIED MICRO CIRCUITS CORP,3674,semis,AMCC,2001-01-02,2017-02-03,NASDAQ,delisted,2011-05-10,2016-05-20
2012,714603,DST SYSTEMS INC,7374,cloud,DST,1995-11-01,2018-04-17,NYSE,delisted,2011-02-28,2018-02-28
2012,733269,"LiveRamp Holdings, Inc.",7374,cloud,ACXM,1984-09-07,2018-10-01,NASDAQ,delisted,2011-05-27,2026-05-21
2012,746838,UNISYS CORP,7373,cloud,UIS,1972-06-01,2026-09-29,NYSE,listed,2011-02-22,2026-02-25
2012,789019,MICROSOFT CORP,7372,cloud,MSFT,1986-03-13,2026-09-29,NASDAQ,listed,2011-07-28,2026-07-29
2012,790070,EMC CORP,3572,semis,EMC,1988-12-16,2016-09-15,NYSE,delisted,2011-02-28,2016-02-25
2012,804753,CERNER Corp,7373,cloud,CERN,1990-03-26,2022-09-08,NASDAQ,delisted,2011-02-16,2022-02-22
2012,829117,SAFE TECHNOLOGIES INTERNATIONAL INC,7370,cloud,,,,,unmapped,2011-03-31,2011-03-31
2012,839443,TELVUE CORP,3661,network,,,,,unmapped,2011-04-15,2012-03-30
2012,850579,PLX TECHNOLOGY INC,3674,semis,,,,,unmapped,2011-03-04,2014-03-07
2012,855612,ZIX CORP,7374,cloud,ZIXI,1989-11-10,2021-12-23,NASDAQ,delisted,2011-03-10,2021-03-05
2012,858877,"CISCO SYSTEMS, INC.",3576,network,CSCO,1990-03-26,2026-09-29,NASDAQ,listed,2011-09-14,2026-09-02
2012,859014,COMPUWARE CORP,7372,cloud,,,,,unmapped,2011-05-27,2014-05-30
2012,860546,COPT DEFENSE PROPERTIES,6798,infra,CDP,1991-12-31,2026-09-29,NYSE,listed,2011-02-11,2026-02-20
2012,877890,CITRIX SYSTEMS INC,7372,cloud,CTXS,1995-12-08,2022-11-02,NASDAQ,delisted,2011-02-24,2022-02-16
2012,880446,VITESSE SEMICONDUCTOR CORP,3674,semis,VTSS,1991-12-11,2015-05-06,NASDAQ,delisted,2011-12-06,2014-12-04
2012,884650,INFINITE GROUP INC,7370,cloud,,,,,unmapped,2011-03-31,2025-11-03
2012,896878,INTUIT INC.,7372,cloud,INTU,1993-03-22,2026-09-29,NASDAQ,listed,2011-09-14,2026-09-09
2012,918386,QLOGIC CORP,3576,network,,,,,unmapped,2011-05-26,2016-05-26
2012,922521,FALCONSTOR SOFTWARE INC,7372,cloud,,,,,unmapped,2011-03-14,2023-03-23
2012,949158,CRAY INC,3571,semis,CRAY,1995-09-27,2019-09-25,NASDAQ,delisted,2011-03-04,2019-02-12
2012,1001279,INTERNET AMERICA INC,7374,cloud,,,,,unmapped,2011-09-27,2014-10-08
2012,1005757,CSG SYSTEMS INTERNATIONAL INC,7374,cloud,CSGS,1996-02-28,2026-05-14,NASDAQ,delisted,2011-03-09,2026-02-19
2012,1008586,STREAMLINE HEALTH SOLUTIONS INC.,7373,cloud,STRM,1996-04-18,2026-09-29,NASDAQ,delisted,2011-04-13,2025-05-02
2012,1009626,BROCADE COMMUNICATIONS SYSTEMS INC,3577,semis,BRCD,1999-05-25,2017-11-20,NASDAQ,delisted,2011-12-20,2016-12-16
2012,1013237,FACTSET RESEARCH SYSTEMS INC,7370,cloud,FDS,1996-06-28,2026-09-29,NYSE,listed,2011-10-31,2025-10-22
2012,1014473,VERISIGN INC/CA,7371,cloud,VRSN,1998-01-30,2026-09-29,NASDAQ,listed,2011-02-24,2026-02-05
2012,1016125,ULTIMATE SOFTWARE GROUP INC,7372,cloud,ULTI,1998-06-17,2019-05-03,NASDAQ,delisted,2011-03-01,2019-03-01
2012,1030484,RENAISSANCE LEARNING INC,7372,cloud,,,,,unmapped,2011-03-08,2011-03-08
2012,1042783,DOT HILL SYSTEMS CORP,3572,semis,HILL,1997-09-17,2015-10-05,NASDAQ,delisted,2011-03-09,2015-03-11
2012,1042825,POWER ONE INC,3679,semis,,,,,unmapped,2011-03-16,2013-02-28
2012,1043604,JUNIPER NETWORKS INC,3576,network,JNPR,1999-06-25,2025-07-02,NYSE,delisted,2011-02-25,2025-02-21
2012,1045810,NVIDIA CORP,3674,semis,NVDA,1999-01-22,2026-09-29,NASDAQ,listed,2011-03-16,2026-02-25
2012,1048695,"F5, INC.",3576,network,FFIV,1999-06-04,2026-09-29,NASDAQ,listed,2011-11-22,2025-11-25
2012,1056386,Internap Corp,7370,cloud,INAPQ,1999-09-29,2020-04-30,NASDAQ,delisted,2011-02-24,2020-05-08
2012,1056923,DATALINK CORP,7373,cloud,DTLK,2001-01-02,2017-01-09,NASDAQ,delisted,2011-03-01,2016-03-14
2012,1063254,S1 CORP /DE/,7370,cloud,,,,,unmapped,2011-03-11,2011-03-11
2012,1077866,LOOKSMART LTD,7374,cloud,LOOK,1999-08-20,2015-10-27,NASDAQ,delisted,2011-02-28,2015-03-17
2012,1078075,NETSCOUT SYSTEMS INC,7373,cloud,NTCT,1999-08-12,2026-09-29,NASDAQ,listed,2011-05-27,2026-05-14
2012,1078271,EXTREME NETWORKS INC,3576,network,EXTR,1999-04-09,2026-09-29,NASDAQ,listed,2011-08-30,2026-08-17
2012,1082526,SCIQUEST INC,7372,cloud,SQI,2010-09-23,2016-07-29,NASDAQ,delisted,2011-03-09,2016-02-22
2012,1083318,INTERACTIVE INTELLIGENCE INC,7372,cloud,,,,,unmapped,2011-03-16,2011-03-16
2012,1092699,SPS COMMERCE INC,7372,cloud,SPSC,2010-04-22,2026-09-29,NASDAQ,listed,2011-03-03,2026-02-19
2012,1095600,BLUE COAT SYSTEMS INC,3572,semis,,,,,unmapped,2011-06-08,2011-06-08
2012,1107694,"RACKSPACE HOSTING, INC.",7370,cloud,RAX,2008-08-07,2016-11-11,NYSE,delisted,2011-02-22,2016-02-26
2012,1108524,"Salesforce, Inc.",7372,cloud,CRM,2004-06-23,2026-09-29,NYSE,listed,2011-03-23,2026-03-02
2012,1111665,TELECOMMUNICATION SYSTEMS INC /FA/,7372,cloud,TSYS,2000-08-08,2016-02-24,NASDAQ,delisted,2011-03-07,2015-03-13
2012,1114925,LANTRONIX INC,3576,network,LTRX,2000-08-04,2026-09-29,NASDAQ,listed,2011-09-15,2026-08-27
2012,1117106,NETSUITE INC,7372,cloud,,,,,unmapped,2011-03-03,2016-02-24
2012,1124610,VMWARE LLC,7372,cloud,VMW,2007-08-15,2023-11-22,NYSE,delisted,2011-02-28,2023-03-28
2012,1134203,TALEO CORP,7372,cloud,,,,,unmapped,2011-02-28,2012-02-29
2012,1135711,NETLOGIC MICROSYSTEMS INC,3674,semis,,,,,unmapped,2011-02-16,2012-02-15
2012,1166220,"LYRIS, INC.",7372,cloud,NOV,1996-10-29,2026-09-29,NYSE,delisted,2011-09-21,2014-09-18
2012,1175609,"CAVIUM, INC.",3674,semis,CAVM,2007-05-02,2018-07-09,NASDAQ,delisted,2011-02-28,2018-03-01
2012,1261694,TESSERA TECHNOLOGIES INC,3674,semis,,,,,unmapped,2011-02-24,2016-02-22
2012,1282631,NETLIST INC,3674,semis,,,,,unmapped,2011-03-03,2026-03-19
2012,1283073,Answers CORP,7372,cloud,,,,,unmapped,2011-03-17,2011-03-17
2012,1286225,"RealPage, Inc.",7372,cloud,RP,2010-08-12,2021-04-22,NASDAQ,delisted,2011-02-28,2021-03-01
2012,1288776,GOOGLE INC.,7370,cloud,GOOGL,2004-08-19,2026-09-29,NASDAQ,delisted,2011-02-11,2016-02-11
2012,1297996,"DIGITAL REALTY TRUST, INC.",6798,infra,DLR,2004-10-29,2026-09-29,NYSE,listed,2011-02-25,2011-02-25
2012,1316625,Silicon Graphics International Corp,3571,semis,SGI,2003-12-18,2026-09-29,NYSE,delisted,2011-08-29,2016-09-02
2012,1332412,"VALLEY FORGE COMPOSITE TECHNOLOGIES, INC.",3812,infra,,,,,unmapped,2011-04-11,2012-03-30
2012,1337615,China Intelligence Information Systems Inc.,7372,cloud,,,,,unmapped,2011-03-29,2011-03-29
2012,1341439,ORACLE CORP,7372,cloud,ORCL,1986-03-12,2026-09-29,NYSE,listed,2011-06-28,2026-06-22
2012,1350684,"China Information Technology, Inc.",7372,cloud,CNIT,2006-09-12,2018-06-04,NASDAQ,delisted,2011-03-08,2012-03-07
2012,1355128,ZCO LIQUIDATING Corp,3572,semis,,,,,unmapped,2011-05-17,2013-10-07
2012,1356104,"Mellanox Technologies, Ltd.",3674,semis,MLNX,2007-02-08,2020-04-27,NASDAQ,delisted,2011-03-07,2020-02-20
2012,1357326,"Riverbed Technology, Inc.",3576,network,RVBD,2006-09-21,2015-04-24,NASDAQ,delisted,2011-02-08,2015-02-13
2012,1375365,"Super Micro Computer, Inc.",3571,semis,SMCI,2007-03-29,2026-09-29,NASDAQ,listed,2011-09-02,2026-08-31
2012,1375793,"Metalert, Inc.",3663,network,,,,,unmapped,2011-03-31,2025-04-16
2012,1383729,"FUSION-IO, INC.",3572,semis,FIO,2011-06-09,2014-07-23,NYSE,delisted,2011-09-02,2013-08-28
2012,1396536,"DUOS TECHNOLOGIES GROUP, INC.",7372,cloud,,,,,unmapped,2011-03-30,2026-03-31
2012,1400400,"DemandTec, Inc.",7372,cloud,,,,,unmapped,2011-04-21,2011-04-21
2012,1402305,"SuccessFactors, Inc.",7372,cloud,,,,,unmapped,2011-03-08,2012-03-16
2012,1407450,"Convio, Inc.",7372,cloud,,,,,unmapped,2011-03-11,2012-03-09
2012,1411658,Digitiliti Inc,3572,semis,,,,,unmapped,2011-04-14,2012-04-16
2012,1412130,"Dot VN, Inc.",7370,cloud,,,,,unmapped,2011-08-16,2011-08-16
2012,1419951,Data Storage Corp,7374,cloud,DTST,2010-09-20,2026-09-29,NASDAQ,listed,2011-04-15,2026-04-14
2012,1420302,"LogMeIn, Inc.",7372,cloud,LOGM,2009-07-01,2020-08-31,NASDAQ,delisted,2011-02-28,2020-02-14
2012,1432150,"GigPeak, Inc.",3674,semis,,,,,unmapped,2011-03-03,2017-03-15
2012,1474439,"Telenav, Inc.",3812,infra,TNAV,2010-05-13,2021-02-17,NASDAQ,delisted,2011-09-09,2020-08-21
2012,1482974,"Carter Validus Mission Critical REIT, Inc.",6798,infra,,,,,unmapped,2011-03-31,2019-03-22
2012,1490346,"GXS Worldwide, Inc.",7372,cloud,,,,,unmapped,2011-03-31,2013-03-28
2012,1490892,CoreSite Realty Corp,6798,infra,COR,1995-04-04,2026-09-29,NYSE,delisted,2011-03-11,2021-02-05
2013,2488,ADVANCED MICRO DEVICES INC,3674,semis,AMD,1983-03-21,2026-09-29,NASDAQ,listed,2012-02-24,2026-02-04
2013,26058,CTS CORP,3670,semis,CTS,1987-11-05,2026-09-29,NYSE,listed,2012-02-24,2026-02-24
2013,47217,HP INC,3570,semis,HPQ,1962-01-02,2026-09-29,NYSE,listed,2012-12-27,2025-12-10
2013,50863,INTEL CORP,3674,semis,INTC,1980-03-17,2026-09-29,NASDAQ,listed,2012-02-23,2026-01-23
2013,350917,EMULEX CORP /DE/,3576,network,ELX,1990-03-26,2015-05-05,NYSE,delisted,2012-08-30,2014-08-28
2013,711065,APPLIED MICRO CIRCUITS CORP,3674,semis,AMCC,2001-01-02,2017-02-03,NASDAQ,delisted,2012-05-17,2016-05-20
2013,714603,DST SYSTEMS INC,7374,cloud,DST,1995-11-01,2018-04-17,NYSE,delisted,2012-02-29,2018-02-28
2013,733269,"LiveRamp Holdings, Inc.",7374,cloud,ACXM,1984-09-07,2018-10-01,NASDAQ,delisted,2012-05-25,2026-05-21
2013,746838,UNISYS CORP,7373,cloud,UIS,1972-06-01,2026-09-29,NYSE,listed,2012-02-24,2026-02-25
2013,753568,EXAR CORP,3674,semis,EXAR,1990-03-26,2017-07-14,NYSE,delisted,2012-06-14,2016-05-27
2013,789019,MICROSOFT CORP,7372,cloud,MSFT,1986-03-13,2026-09-29,NASDAQ,listed,2012-07-26,2026-07-29
2013,790070,EMC CORP,3572,semis,EMC,1988-12-16,2016-09-15,NYSE,delisted,2012-02-24,2016-02-25
2013,804753,CERNER Corp,7373,cloud,CERN,1990-03-26,2022-09-08,NASDAQ,delisted,2012-02-15,2022-02-22
2013,839443,TELVUE CORP,3661,network,,,,,unmapped,2012-03-30,2012-03-30
2013,850579,PLX TECHNOLOGY INC,3674,semis,,,,,unmapped,2012-03-13,2014-03-07
2013,855612,ZIX CORP,7374,cloud,ZIXI,1989-11-10,2021-12-23,NASDAQ,delisted,2012-03-09,2021-03-05
2013,858877,"CISCO SYSTEMS, INC.",3576,network,CSCO,1990-03-26,2026-09-29,NASDAQ,listed,2012-09-12,2026-09-02
2013,859014,COMPUWARE CORP,7372,cloud,COVS,2013-09-26,2017-07-27,NASDAQ,delisted,2012-05-29,2014-05-30
2013,860546,COPT DEFENSE PROPERTIES,6798,infra,CDP,1991-12-31,2026-09-29,NYSE,listed,2012-02-10,2026-02-20
2013,877890,CITRIX SYSTEMS INC,7372,cloud,CTXS,1995-12-08,2022-11-02,NASDAQ,delisted,2012-02-23,2022-02-16
2013,880446,VITESSE SEMICONDUCTOR CORP,3674,semis,VTSS,1991-12-11,2015-05-06,NASDAQ,delisted,2012-12-04,2014-12-04
2013,884650,INFINITE GROUP INC,7370,cloud,,,,,unmapped,2012-03-06,2025-11-03
2013,896878,INTUIT INC.,7372,cloud,INTU,1993-03-22,2026-09-29,NASDAQ,listed,2012-09-13,2026-09-09
2013,918386,QLOGIC CORP,3576,network,,,,,unmapped,2012-05-25,2016-05-26
2013,922521,FALCONSTOR SOFTWARE INC,7372,cloud,,,,,unmapped,2012-03-13,2023-03-23
2013,949158,CRAY INC,3571,semis,CRAY,1995-09-27,2019-09-25,NASDAQ,delisted,2012-02-27,2019-02-12
2013,1005757,CSG SYSTEMS INTERNATIONAL INC,7374,cloud,CSGS,1996-02-28,2026-05-14,NASDAQ,delisted,2012-03-15,2026-02-19
2013,1008586,STREAMLINE HEALTH SOLUTIONS INC.,7373,cloud,STRM,1996-04-18,2026-09-29,NASDAQ,delisted,2012-04-25,2025-05-02
2013,1009626,BROCADE COMMUNICATIONS SYSTEMS INC,3577,semis,BRCD,1999-05-25,2017-11-20,NASDAQ,delisted,2012-12-14,2016-12-16
2013,1011006,ALTABA INC.,7373,cloud,YHOO,1996-04-12,2017-06-26,NASDAQ,delisted,2012-02-29,2017-03-01
2013,1013237,FACTSET RESEARCH SYSTEMS INC,7370,cloud,FDS,1996-06-28,2026-09-29,NYSE,listed,2012-10-30,2025-10-22
2013,1013462,ANSYS INC,7372,cloud,ANSS,1996-06-21,2026-09-29,NASDAQ,delisted,2012-02-23,2025-02-19
2013,1016125,ULTIMATE SOFTWARE GROUP INC,7372,cloud,ULTI,1998-06-17,2019-05-03,NASDAQ,delisted,2012-02-29,2019-03-01
2013,1022225,OPLINK COMMUNICATIONS INC,3661,network,OPLK,2000-10-04,2014-12-31,NASDAQ,delisted,2012-09-14,2014-09-15
2013,1042825,POWER ONE INC,3679,semis,,,,,unmapped,2012-03-01,2013-02-28
2013,1043604,JUNIPER NETWORKS INC,3576,network,JNPR,1999-06-25,2025-07-02,NYSE,delisted,2012-02-24,2025-02-21
2013,1045810,NVIDIA CORP,3674,semis,NVDA,1999-01-22,2026-09-29,NASDAQ,listed,2012-03-13,2026-02-25
2013,1048695,"F5, INC.",3576,network,FFIV,1999-06-04,2026-09-29,NASDAQ,listed,2012-11-21,2025-11-25
2013,1056386,Internap Corp,7370,cloud,INAPQ,1999-09-29,2020-04-30,NASDAQ,delisted,2012-02-23,2020-05-08
2013,1056923,DATALINK CORP,7373,cloud,DTLK,2001-01-02,2017-01-09,NASDAQ,delisted,2012-03-15,2016-03-14
2013,1073349,BOTTOMLINE TECHNOLOGIES INC,7372,cloud,EPAY,1999-02-12,2022-09-16,NASDAQ,delisted,2012-08-27,2021-08-30
2013,1078075,NETSCOUT SYSTEMS INC,7373,cloud,NTCT,1999-08-12,2026-09-29,NASDAQ,listed,2012-05-25,2026-05-14
2013,1078271,EXTREME NETWORKS INC,3576,network,EXTR,1999-04-09,2026-09-29,NASDAQ,listed,2012-08-23,2026-08-17
2013,1082526,SCIQUEST INC,7372,cloud,SQI,2010-09-23,2016-07-29,NASDAQ,delisted,2012-02-24,2016-02-22
2013,1084817,RESPONSYS INC,7372,cloud,,,,,unmapped,2012-03-30,2013-03-18
2013,1092699,SPS COMMERCE INC,7372,cloud,SPSC,2010-04-22,2026-09-29,NASDAQ,listed,2012-03-09,2026-02-19
2013,1102541,"EarthLink Holdings, LLC",7370,cloud,ELNK,2001-01-02,2017-03-08,NASDAQ,delisted,2012-02-24,2017-02-24
2013,1107694,"RACKSPACE HOSTING, INC.",7370,cloud,RAX,2008-08-07,2016-11-11,NYSE,delisted,2012-02-17,2016-02-26
2013,1108524,"Salesforce, Inc.",7372,cloud,CRM,2004-06-23,2026-09-29,NYSE,listed,2012-03-09,2026-03-02
2013,1111665,TELECOMMUNICATION SYSTEMS INC /FA/,7372,cloud,TSYS,2000-08-08,2016-02-24,NASDAQ,delisted,2012-03-07,2015-03-13
2013,1114925,LANTRONIX INC,3576,network,LTRX,2000-08-04,2026-09-29,NASDAQ,listed,2012-08-30,2026-08-27
2013,1117106,NETSUITE INC,7372,cloud,,,,,unmapped,2012-02-28,2016-02-24
2013,1122388,ELLIE MAE INC,7372,cloud,ELLI,2011-04-15,2019-04-17,NYSE,delisted,2012-03-28,2019-03-01
2013,1124610,VMWARE LLC,7372,cloud,VMW,2007-08-15,2023-11-22,NYSE,delisted,2012-02-24,2023-03-28
2013,1134203,TALEO CORP,7372,cloud,,,,,unmapped,2012-02-29,2012-02-29
2013,1135711,NETLOGIC MICROSYSTEMS INC,3674,semis,,,,,unmapped,2012-02-15,2012-02-15
2013,1166220,"LYRIS, INC.",7372,cloud,NOV,1996-10-29,2026-09-29,NYSE,delisted,2012-09-14,2014-09-18
2013,1182325,TANGOE INC,7372,cloud,TNGO,2011-07-27,2017-07-21,NASDAQ,delisted,2012-03-29,2015-03-16
2013,1271024,LINKEDIN CORP,7370,cloud,LNKD,2011-05-19,2016-12-16,NYSE,delisted,2012-03-02,2016-02-12
2013,1282631,NETLIST INC,3674,semis,,,,,unmapped,2012-02-28,2026-03-19
2013,1286225,"RealPage, Inc.",7372,cloud,RP,2010-08-12,2021-04-22,NASDAQ,delisted,2012-02-24,2021-03-01
2013,1288776,GOOGLE INC.,7370,cloud,GOOGL,2004-08-19,2026-09-29,NASDAQ,delisted,2012-01-26,2016-02-11
2013,1311241,INTERMOLECULAR INC,3674,semis,IMI,2011-11-18,2019-09-20,NASDAQ,delisted,2012-03-16,2019-03-08
2013,1316625,Silicon Graphics International Corp,3571,semis,SGI,2003-12-18,2026-09-29,NYSE,delisted,2012-09-10,2016-09-02
2013,1330421,Bazaarvoice Inc,7372,cloud,BV,2012-02-24,2018-02-01,NYSE,delisted,2012-06-11,2017-06-16
2013,1332412,"VALLEY FORGE COMPOSITE TECHNOLOGIES, INC.",3812,infra,,,,,unmapped,2012-03-30,2012-03-30
2013,1340127,Carbonite Inc,7374,cloud,CARB,2011-08-11,2020-01-10,NASDAQ,delisted,2012-03-07,2019-02-28
2013,1341439,ORACLE CORP,7372,cloud,ORCL,1986-03-12,2026-09-29,NYSE,listed,2012-06-26,2026-06-22
2013,1350684,"China Information Technology, Inc.",7372,cloud,CNIT,2006-09-12,2018-06-04,NASDAQ,delisted,2012-03-07,2012-03-07
2013,1355128,ZCO LIQUIDATING Corp,3572,semis,,,,,unmapped,2012-05-14,2013-10-07
2013,1356104,"Mellanox Technologies, Ltd.",3674,semis,MLNX,2007-02-08,2020-04-27,NASDAQ,delisted,2012-02-28,2020-02-20
2013,1357326,"Riverbed Technology, Inc.",3576,network,RVBD,2006-09-21,2015-04-24,NASDAQ,delisted,2012-02-10,2015-02-13
2013,1364962,IMPERVA INC,7372,cloud,IMPV,2011-11-09,2019-01-10,NASDAQ,delisted,2012-03-28,2018-02-23
2013,1366684,HOMEAWAY INC,7374,cloud,,,,,unmapped,2012-03-29,2015-02-25
2013,1375365,"Super Micro Computer, Inc.",3571,semis,SMCI,2007-03-29,2026-09-29,NASDAQ,listed,2012-09-13,2026-08-31
2013,1375793,"Metalert, Inc.",3663,network,,,,,unmapped,2012-03-30,2025-04-16
2013,1383729,"FUSION-IO, INC.",3572,semis,FIO,2011-06-09,2014-07-23,NYSE,delisted,2012-08-27,2013-08-28
2013,1388133,ShoreTel Inc,3661,network,SHOR,2007-07-03,2017-09-25,NASDAQ,delisted,2012-09-13,2017-09-08
2013,1392448,"Midas Medici Group Holdings, Inc.",7372,cloud,,,,,unmapped,2012-04-16,2012-04-16
2013,1396536,"DUOS TECHNOLOGIES GROUP, INC.",7372,cloud,,,,,unmapped,2012-03-30,2026-03-31
2013,1402305,"SuccessFactors, Inc.",7372,cloud,,,,,unmapped,2012-03-16,2012-03-16
2013,1407450,"Convio, Inc.",7372,cloud,,,,,unmapped,2012-03-09,2012-03-09
2013,1408278,"Synacor, Inc.",7370,cloud,SYNC,2012-02-13,2021-04-01,NASDAQ,delisted,2012-03-30,2021-03-31
2013,1418175,DuPont Fabros Technology LP,6798,infra,DFT,2007-10-19,2017-09-28,NYSE,delisted,2012-02-23,2017-02-23
2013,1419951,Data Storage Corp,7374,cloud,DTST,2010-09-20,2026-09-29,NASDAQ,listed,2012-04-16,2026-04-14
2013,1420302,"LogMeIn, Inc.",7372,cloud,LOGM,2009-07-01,2020-08-31,NASDAQ,delisted,2012-02-24,2020-02-14
2013,1462633,"Jive Software, Inc.",7374,cloud,,,,,unmapped,2012-03-12,2017-02-28
2013,1465509,XcelMobility Inc.,7372,cloud,,,,,unmapped,2012-03-30,2016-04-19
2013,1474439,"Telenav, Inc.",3812,infra,TNAV,2010-05-13,2021-02-17,NASDAQ,delisted,2012-09-07,2020-08-21
2013,1476638,"Rackwise, Inc.",7372,cloud,,,,,unmapped,2012-03-30,2014-04-15
2013,1482974,"Carter Validus Mission Critical REIT, Inc.",6798,infra,,,,,unmapped,2012-03-29,2019-03-22
2013,1490346,"GXS Worldwide, Inc.",7372,cloud,,,,,unmapped,2012-03-19,2013-03-28
2013,1490892,CoreSite Realty Corp,6798,infra,COR,1995-04-04,2026-09-29,NYSE,delisted,2012-02-24,2021-02-05
2013,1515275,Redefy Corp,7374,cloud,,,,,unmapped,2012-07-13,2014-07-15
2013,1515353,NOUVEAU VENTURES INC.,7374,cloud,,,,,unmapped,2012-03-29,2015-08-03
2013,1517650,"Interactive Intelligence Group, Inc.",7372,cloud,,,,,unmapped,2012-03-15,2016-02-29
2013,1521013,"Pulse Network, Inc.",7372,cloud,,,,,unmapped,2012-06-20,2018-02-26
2014,2488,ADVANCED MICRO DEVICES INC,3674,semis,AMD,1983-03-21,2026-09-29,NASDAQ,listed,2013-02-21,2026-02-04
2014,26058,CTS CORP,3672,semis,CTS,1987-11-05,2026-09-29,NYSE,listed,2013-02-25,2026-02-24
2014,47217,HP INC,3570,semis,HPQ,1962-01-02,2026-09-29,NYSE,listed,2013-12-30,2025-12-10
2014,50863,INTEL CORP,3674,semis,INTC,1980-03-17,2026-09-29,NASDAQ,listed,2013-02-19,2026-01-23
2014,350917,EMULEX CORP /DE/,3576,network,ELX,1990-03-26,2015-05-05,NYSE,delisted,2013-08-29,2014-08-28
2014,711065,APPLIED MICRO CIRCUITS CORP,3674,semis,AMCC,2001-01-02,2017-02-03,NASDAQ,delisted,2013-06-11,2016-05-20
2014,714603,DST SYSTEMS INC,7374,cloud,DST,1995-11-01,2018-04-17,NYSE,delisted,2013-03-01,2018-02-28
2014,733269,"LiveRamp Holdings, Inc.",7374,cloud,ACXM,1984-09-07,2018-10-01,NASDAQ,delisted,2013-05-29,2026-05-21
2014,743988,XILINX INC,3674,semis,XLNX,1990-06-18,2022-02-14,NASDAQ,delisted,2013-05-23,2021-05-14
2014,746838,UNISYS CORP,7373,cloud,UIS,1972-06-01,2026-09-29,NYSE,listed,2013-02-22,2026-02-25
2014,753568,EXAR CORP,3674,semis,EXAR,1990-03-26,2017-07-14,NYSE,delisted,2013-06-13,2016-05-27
2014,789019,MICROSOFT CORP,7372,cloud,MSFT,1986-03-13,2026-09-29,NASDAQ,listed,2013-07-30,2026-07-29
2014,790070,EMC CORP,3572,semis,EMC,1988-12-16,2016-09-15,NYSE,delisted,2013-02-27,2016-02-25
2014,804753,CERNER Corp,7373,cloud,CERN,1990-03-26,2022-09-08,NASDAQ,delisted,2013-02-08,2022-02-22
2014,849399,Gen Digital Inc.,7372,cloud,GEN,1990-03-26,2026-09-29,NASDAQ,listed,2013-05-17,2026-05-21
2014,850579,PLX TECHNOLOGY INC,3674,semis,,,,,unmapped,2013-03-15,2014-03-07
2014,855612,ZIX CORP,7374,cloud,ZIXI,1989-11-10,2021-12-23,NASDAQ,delisted,2013-03-13,2021-03-05
2014,858877,"CISCO SYSTEMS, INC.",3576,network,CSCO,1990-03-26,2026-09-29,NASDAQ,listed,2013-09-10,2026-09-02
2014,859014,COMPUWARE CORP,7372,cloud,COVS,2013-09-26,2017-07-27,NASDAQ,delisted,2013-05-29,2014-05-30
2014,860546,COPT DEFENSE PROPERTIES,6798,infra,CDP,1991-12-31,2026-09-29,NYSE,listed,2013-02-12,2026-02-20
2014,877890,CITRIX SYSTEMS INC,7372,cloud,CTXS,1995-12-08,2022-11-02,NASDAQ,delisted,2013-02-21,2022-02-16
2014,880446,VITESSE SEMICONDUCTOR CORP,3674,semis,VTSS,1991-12-11,2015-05-06,NASDAQ,delisted,2013-12-05,2014-12-04
2014,890264,EXA CORP,7372,cloud,,,,,unmapped,2013-04-09,2017-03-22
2014,896878,INTUIT INC.,7372,cloud,INTU,1993-03-22,2026-09-29,NASDAQ,listed,2013-09-13,2026-09-09
2014,918386,QLOGIC CORP,3576,network,,,,,unmapped,2013-05-23,2016-05-26
2014,922521,FALCONSTOR SOFTWARE INC,7372,cloud,,,,,unmapped,2013-03-18,2023-03-23
2014,936395,CIENA CORP,3661,network,CIEN,1997-02-07,2026-09-29,NYSE,listed,2013-12-20,2025-12-12
2014,948708,"SMITH MICRO SOFTWARE, INC.",7372,cloud,SMSI,1995-09-19,2026-09-29,NASDAQ,listed,2013-02-20,2026-03-05
2014,949158,CRAY INC,3571,semis,CRAY,1995-09-27,2019-09-25,NASDAQ,delisted,2013-02-28,2019-02-12
2014,1002047,"NetApp, Inc.",3572,semis,NTAP,1995-11-21,2026-09-29,NASDAQ,listed,2013-06-17,2026-06-05
2014,1005757,CSG SYSTEMS INTERNATIONAL INC,7374,cloud,CSGS,1996-02-28,2026-05-14,NASDAQ,delisted,2013-03-08,2026-02-19
2014,1009626,BROCADE COMMUNICATIONS SYSTEMS INC,3577,semis,BRCD,1999-05-25,2017-11-20,NASDAQ,delisted,2013-12-16,2016-12-16
2014,1011006,ALTABA INC.,7373,cloud,YHOO,1996-04-12,2017-06-26,NASDAQ,delisted,2013-03-01,2017-03-01
2014,1013237,FACTSET RESEARCH SYSTEMS INC,7370,cloud,FDS,1996-06-28,2026-09-29,NYSE,listed,2013-10-30,2025-10-22
2014,1013462,ANSYS INC,7372,cloud,ANSS,1996-06-21,2026-09-29,NASDAQ,delisted,2013-02-28,2025-02-19
2014,1016125,ULTIMATE SOFTWARE GROUP INC,7372,cloud,ULTI,1998-06-17,2019-05-03,NASDAQ,delisted,2013-02-28,2019-03-01
2014,1022225,OPLINK COMMUNICATIONS INC,3661,network,OPLK,2000-10-04,2014-12-31,NASDAQ,delisted,2013-09-13,2014-09-15
2014,1035748,CALLIDUS SOFTWARE INC,7371,cloud,CALD,2003-11-20,2018-04-16,NASDAQ,delisted,2013-03-11,2018-02-28
2014,1042825,POWER ONE INC,3679,semis,,,,,unmapped,2013-02-28,2013-02-28
2014,1043604,JUNIPER NETWORKS INC,3576,network,JNPR,1999-06-25,2025-07-02,NYSE,delisted,2013-02-26,2025-02-21
2014,1045810,NVIDIA CORP,3674,semis,NVDA,1999-01-22,2026-09-29,NASDAQ,listed,2013-03-12,2026-02-25
2014,1048695,"F5, INC.",3576,network,FFIV,1999-06-04,2026-09-29,NASDAQ,listed,2013-11-22,2025-11-25
2014,1054374,BROADCOM CORP,3674,semis,,,,,unmapped,2013-01-30,2015-01-29
2014,1056386,Internap Corp,7370,cloud,INAPQ,1999-09-29,2020-04-30,NASDAQ,delisted,2013-02-21,2020-05-08
2014,1056923,DATALINK CORP,7373,cloud,DTLK,2001-01-02,2017-01-09,NASDAQ,delisted,2013-03-15,2016-03-14
2014,1078075,NETSCOUT SYSTEMS INC,7373,cloud,NTCT,1999-08-12,2026-09-29,NASDAQ,listed,2013-05-24,2026-05-14
2014,1078271,EXTREME NETWORKS INC,3576,network,EXTR,1999-04-09,2026-09-29,NASDAQ,listed,2013-08-30,2026-08-17
2014,1084817,RESPONSYS INC,7372,cloud,,,,,unmapped,2013-03-18,2013-03-18
2014,1092699,SPS COMMERCE INC,7372,cloud,SPSC,2010-04-22,2026-09-29,NASDAQ,listed,2013-03-06,2026-02-19
2014,1095291,"WEB.COM GROUP, INC.",7372,cloud,WWWW,2005-11-03,2015-11-09,NASDAQ,delisted,2013-03-06,2018-02-23
2014,1095565,HEALTHSTREAM INC,7370,cloud,HSTM,2000-04-11,2026-09-29,NASDAQ,listed,2013-03-01,2026-02-27
2014,1102541,"EarthLink Holdings, LLC",7370,cloud,ELNK,2001-01-02,2017-03-08,NASDAQ,delisted,2013-02-20,2017-02-24
2014,1107694,"RACKSPACE HOSTING, INC.",7370,cloud,RAX,2008-08-07,2016-11-11,NYSE,delisted,2013-03-01,2016-02-26
2014,1107843,"QUALYS, INC.",7372,cloud,QLYS,2012-09-28,2026-09-29,NASDAQ,listed,2013-03-05,2026-02-20
2014,1108524,"Salesforce, Inc.",7372,cloud,CRM,2004-06-23,2026-09-29,NYSE,listed,2013-03-08,2026-03-02
2014,1111665,TELECOMMUNICATION SYSTEMS INC /FA/,7372,cloud,TSYS,2000-08-08,2016-02-24,NASDAQ,delisted,2013-03-01,2015-03-13
2014,1117106,NETSUITE INC,7372,cloud,,,,,unmapped,2013-02-28,2016-02-24
2014,1118417,"MODEL N, INC.",7370,cloud,MODN,2013-03-20,2024-06-27,NYSE,delisted,2013-12-09,2023-11-17
2014,1122388,ELLIE MAE INC,7372,cloud,ELLI,2011-04-15,2019-04-17,NYSE,delisted,2013-03-01,2019-03-01
2014,1124610,VMWARE LLC,7372,cloud,VMW,2007-08-15,2023-11-22,NYSE,delisted,2013-02-27,2023-03-28
2014,1160958,INPHI Corp,3674,semis,IPHI,2010-11-12,2021-04-20,NYSE,delisted,2013-03-07,2021-02-25
2014,1166220,"LYRIS, INC.",7372,cloud,NOV,1996-10-29,2026-09-29,NYSE,delisted,2013-09-19,2014-09-18
2014,1175609,"CAVIUM, INC.",3674,semis,CAVM,2007-05-02,2018-07-09,NASDAQ,delisted,2013-02-28,2018-03-01
2014,1182325,TANGOE INC,7372,cloud,TNGO,2011-07-27,2017-07-21,NASDAQ,delisted,2013-03-18,2015-03-16
2014,1212458,PROOFPOINT INC,7374,cloud,PFPT,2012-04-20,2021-08-31,NASDAQ,delisted,2013-03-08,2021-02-19
2014,1271024,LINKEDIN CORP,7370,cloud,LNKD,2011-05-19,2016-12-16,NYSE,delisted,2013-02-19,2016-02-12
2014,1282631,NETLIST INC,3674,semis,,,,,unmapped,2013-03-29,2026-03-19
2014,1286225,"RealPage, Inc.",7372,cloud,RP,2010-08-12,2021-04-22,NASDAQ,delisted,2013-02-27,2021-03-01
2014,1288776,GOOGLE INC.,7370,cloud,GOOGL,2004-08-19,2026-09-29,NASDAQ,delisted,2013-01-29,2016-02-11
2014,1301031,Demandware Inc,7371,cloud,,,,,unmapped,2013-03-08,2016-02-26
2014,1311241,INTERMOLECULAR INC,3674,semis,IMI,2011-11-18,2019-09-20,NASDAQ,delisted,2013-03-04,2019-03-08
2014,1316625,Silicon Graphics International Corp,3571,semis,SGI,2003-12-18,2026-09-29,NYSE,delisted,2013-09-09,2016-09-02
2014,1326801,"Meta Platforms, Inc.",7370,cloud,META,2012-05-18,2026-09-29,NASDAQ,listed,2013-02-01,2026-01-29
2014,1327811,"Workday, Inc.",7374,cloud,WDAY,2012-10-12,2026-09-29,NASDAQ,listed,2013-03-22,2026-03-06
2014,1330421,Bazaarvoice Inc,7372,cloud,BV,2012-02-24,2018-02-01,NYSE,delisted,2013-07-03,2017-06-16
2014,1340127,Carbonite Inc,7374,cloud,CARB,2011-08-11,2020-01-10,NASDAQ,delisted,2013-03-06,2019-02-28
2014,1341439,ORACLE CORP,7372,cloud,ORCL,1986-03-12,2026-09-29,NYSE,listed,2013-06-26,2026-06-22
2014,1355128,ZCO LIQUIDATING Corp,3572,semis,,,,,unmapped,2013-10-07,2013-10-07
2014,1356104,"Mellanox Technologies, Ltd.",3674,semis,MLNX,2007-02-08,2020-04-27,NASDAQ,delisted,2013-02-25,2020-02-20
2014,1357326,"Riverbed Technology, Inc.",3576,network,RVBD,2006-09-21,2015-04-24,NASDAQ,delisted,2013-02-19,2015-02-13
2014,1364962,IMPERVA INC,7372,cloud,IMPV,2011-11-09,2019-01-10,NASDAQ,delisted,2013-03-15,2018-02-23
2014,1366684,HOMEAWAY INC,7374,cloud,,,,,unmapped,2013-02-27,2015-02-25
2014,1373715,"ServiceNow, Inc.",7372,cloud,NOW,2012-06-29,2026-09-29,NYSE,listed,2013-03-08,2026-01-29
2014,1375365,"Super Micro Computer, Inc.",3571,semis,SMCI,2007-03-29,2026-09-29,NASDAQ,listed,2013-09-11,2026-08-31
2014,1375793,"Metalert, Inc.",3663,network,,,,,unmapped,2013-04-16,2025-04-16
2014,1378590,"Bridgeline Digital, Inc.",7372,cloud,BLIN,2007-06-29,2026-09-29,NASDAQ,listed,2013-12-20,2025-12-19
2014,1383729,"FUSION-IO, INC.",3572,semis,FIO,2011-06-09,2014-07-23,NYSE,delisted,2013-08-28,2013-08-28
2014,1388133,ShoreTel Inc,3661,network,SHOR,2007-07-03,2017-09-25,NASDAQ,delisted,2013-09-12,2017-09-08
2014,1396536,"DUOS TECHNOLOGIES GROUP, INC.",7372,cloud,,,,,unmapped,2013-04-01,2026-03-31
2014,1408278,"Synacor, Inc.",7370,cloud,SYNC,2012-02-13,2021-04-01,NASDAQ,delisted,2013-03-26,2021-03-31
2014,1418175,DuPont Fabros Technology LP,6798,infra,DFT,2007-10-19,2017-09-28,NYSE,delisted,2013-02-21,2017-02-23
2014,1419951,Data Storage Corp,7374,cloud,DTST,2010-09-20,2026-09-29,NASDAQ,listed,2013-04-16,2026-04-14
2014,1420302,"LogMeIn, Inc.",7372,cloud,LOGM,2009-07-01,2020-08-31,NASDAQ,delisted,2013-02-22,2020-02-14
2014,1420850,"ExactTarget, Inc.",7372,cloud,ET,2006-02-03,2026-09-29,NYSE,delisted,2013-02-22,2013-02-22
2014,1433269,Diligent Corp,7372,cloud,,,,,unmapped,2013-03-18,2016-03-14
2014,1453883,"BULK STORAGE SOFTWARE, INC.",3572,semis,,,,,unmapped,2013-02-15,2016-01-14
2014,1462633,"Jive Software, Inc.",7374,cloud,,,,,unmapped,2013-02-25,2017-02-28
2014,1465509,XcelMobility Inc.,7372,cloud,,,,,unmapped,2013-04-01,2016-04-19
2014,1474439,"Telenav, Inc.",3812,infra,TNAV,2010-05-13,2021-02-17,NASDAQ,delisted,2013-08-30,2020-08-21
2014,1476638,"Rackwise, Inc.",7372,cloud,,,,,unmapped,2013-04-16,2014-04-15
2014,1482974,"Carter Validus Mission Critical REIT, Inc.",6798,infra,,,,,unmapped,2013-04-01,2019-03-22
2014,1485933,Trunkbow International Holdings Ltd,7372,cloud,,,,,unmapped,2013-05-02,2014-09-26
2014,1490346,"GXS Worldwide, Inc.",7372,cloud,,,,,unmapped,2013-03-28,2013-03-28
2014,1490892,CoreSite Realty Corp,6798,infra,COR,1995-04-04,2026-09-29,NYSE,delisted,2013-02-25,2021-02-05
2014,1553023,CyrusOne Holdco LLC,6798,infra,CONE,2013-01-18,2022-03-25,NASDAQ,delisted,2013-03-29,2022-02-17
2015,2488,ADVANCED MICRO DEVICES INC,3674,semis,AMD,1983-03-21,2026-09-29,NASDAQ,listed,2014-02-18,2026-02-04
2015,26058,CTS CORP,3672,semis,CTS,1987-11-05,2026-09-29,NYSE,listed,2014-03-03,2026-02-24
2015,50863,INTEL CORP,3674,semis,INTC,1980-03-17,2026-09-29,NASDAQ,listed,2014-02-14,2026-01-23
2015,51143,INTERNATIONAL BUSINESS MACHINES CORP,3570,semis,IBM,1962-01-02,2026-09-29,NYSE,listed,2014-02-25,2026-02-24
2015,106040,WESTERN DIGITAL CORP,3572,semis,WDC,1987-01-02,2026-09-29,NASDAQ,listed,2014-08-15,2026-08-14
2015,350917,EMULEX CORP /DE/,3576,network,ELX,1990-03-26,2015-05-05,NYSE,delisted,2014-08-28,2014-08-28
2015,703360,LSI CORP,3674,semis,LSI,1995-06-21,2023-07-19,NYSE,delisted,2014-02-26,2014-02-26
2015,709283,QUANTUM CORP /DE/,3572,semis,QMCO,1999-08-02,2026-09-29,NASDAQ,listed,2014-06-06,2026-06-25
2015,711065,APPLIED MICRO CIRCUITS CORP,3674,semis,AMCC,2001-01-02,2017-02-03,NASDAQ,delisted,2014-05-30,2016-05-20
2015,714603,DST SYSTEMS INC,7374,cloud,DST,1995-11-01,2018-04-17,NYSE,delisted,2014-02-27,2018-02-28
2015,743988,XILINX INC,3674,semis,XLNX,1990-06-18,2022-02-14,NASDAQ,delisted,2014-05-16,2021-05-14
2015,746838,UNISYS CORP,7373,cloud,UIS,1972-06-01,2026-09-29,NYSE,listed,2014-02-24,2026-02-25
2015,767920,PMC SIERRA INC,3674,semis,,,,,unmapped,2014-02-26,2015-02-24
2015,789019,MICROSOFT CORP,7372,cloud,MSFT,1986-03-13,2026-09-29,NASDAQ,listed,2014-07-31,2026-07-29
2015,789388,SUNGARD DATA SYSTEMS INC,7374,cloud,,,,,unmapped,2014-03-21,2015-03-25
2015,790070,EMC CORP,3572,semis,EMC,1988-12-16,2016-09-15,NYSE,delisted,2014-02-25,2016-02-25
2015,804328,QUALCOMM INC/DE,3663,network,QCOM,1991-12-16,2026-09-29,NASDAQ,listed,2014-11-05,2025-11-05
2015,804753,CERNER Corp,7373,cloud,CERN,1990-03-26,2022-09-08,NASDAQ,delisted,2014-02-05,2022-02-22
2015,850579,PLX TECHNOLOGY INC,3674,semis,,,,,unmapped,2014-03-07,2014-03-07
2015,855612,ZIX CORP,7374,cloud,ZIXI,1989-11-10,2021-12-23,NASDAQ,delisted,2014-03-12,2021-03-05
2015,858877,"CISCO SYSTEMS, INC.",3576,network,CSCO,1990-03-26,2026-09-29,NASDAQ,listed,2014-09-09,2026-09-02
2015,880446,VITESSE SEMICONDUCTOR CORP,3674,semis,VTSS,1991-12-11,2015-05-06,NASDAQ,delisted,2014-12-04,2014-12-04
2015,890264,EXA CORP,7372,cloud,,,,,unmapped,2014-03-26,2017-03-22
2015,896878,INTUIT INC.,7372,cloud,INTU,1993-03-22,2026-09-29,NASDAQ,listed,2014-09-12,2026-09-09
2015,912093,VIAVI SOLUTIONS INC.,3674,semis,VIAV,2015-08-04,2026-09-29,NASDAQ,listed,2014-08-26,2026-08-13
2015,936395,CIENA CORP,3661,network,CIEN,1997-02-07,2026-09-29,NYSE,listed,2014-12-19,2025-12-12
2015,949158,CRAY INC,3571,semis,CRAY,1995-09-27,2019-09-25,NASDAQ,delisted,2014-02-13,2019-02-12
2015,1002047,"NetApp, Inc.",3572,semis,NTAP,1995-11-21,2026-09-29,NASDAQ,listed,2014-06-17,2026-06-05
2015,1009626,BROCADE COMMUNICATIONS SYSTEMS INC,3576,network,BRCD,1999-05-25,2017-11-20,NASDAQ,delisted,2014-12-19,2016-12-16
2015,1011006,ALTABA INC.,7373,cloud,YHOO,1996-04-12,2017-06-26,NASDAQ,delisted,2014-02-28,2017-03-01
2015,1013237,FACTSET RESEARCH SYSTEMS INC,7370,cloud,FDS,1996-06-28,2026-09-29,NYSE,listed,2014-10-30,2025-10-22
2015,1013462,ANSYS INC,7372,cloud,ANSS,1996-06-21,2026-09-29,NASDAQ,delisted,2014-02-27,2025-02-19
2015,1016125,ULTIMATE SOFTWARE GROUP INC,7372,cloud,ULTI,1998-06-17,2019-05-03,NASDAQ,delisted,2014-02-28,2019-03-01
2015,1022225,OPLINK COMMUNICATIONS INC,3661,network,OPLK,2000-10-04,2014-12-31,NASDAQ,delisted,2014-09-15,2014-09-15
2015,1027207,EPIQ SYSTEMS INC,7371,cloud,,,,,unmapped,2014-02-26,2016-03-01
2015,1035748,CALLIDUS SOFTWARE INC,7371,cloud,CALD,2003-11-20,2018-04-16,NASDAQ,delisted,2014-03-10,2018-02-28
2015,1043604,JUNIPER NETWORKS INC,3576,network,JNPR,1999-06-25,2025-07-02,NYSE,delisted,2014-02-26,2025-02-21
2015,1044435,"P10 Industries, Inc.",4911,infra,,,,,unmapped,2014-03-04,2017-03-14
2015,1045810,NVIDIA CORP,3674,semis,NVDA,1999-01-22,2026-09-29,NASDAQ,listed,2014-03-13,2026-02-25
2015,1048695,"F5, INC.",3576,network,FFIV,1999-06-04,2026-09-29,NASDAQ,listed,2014-11-26,2025-11-25
2015,1054374,BROADCOM CORP,3674,semis,,,,,unmapped,2014-01-30,2015-01-29
2015,1056386,Internap Corp,7370,cloud,INAPQ,1999-09-29,2020-04-30,NASDAQ,delisted,2014-02-20,2020-05-08
2015,1056923,DATALINK CORP,7373,cloud,DTLK,2001-01-02,2017-01-09,NASDAQ,delisted,2014-03-17,2016-03-14
2015,1077866,LOOKSMART LTD,7374,cloud,LOOK,1999-08-20,2015-10-27,NASDAQ,delisted,2014-03-31,2015-03-17
2015,1078075,NETSCOUT SYSTEMS INC,7373,cloud,NTCT,1999-08-12,2026-09-29,NASDAQ,listed,2014-05-20,2026-05-14
2015,1078271,EXTREME NETWORKS INC,3576,network,EXTR,1999-04-09,2026-09-29,NASDAQ,listed,2014-09-15,2026-08-17
2015,1081745,"INTELLINETICS, INC.",7372,cloud,INLX,2015-03-10,2026-09-29,AMEX,listed,2014-03-31,2026-03-30
2015,1092699,SPS COMMERCE INC,7372,cloud,SPSC,2010-04-22,2026-09-29,NASDAQ,listed,2014-02-20,2026-02-19
2015,1095291,"WEB.COM GROUP, INC.",7372,cloud,WWWW,2005-11-03,2015-11-09,NASDAQ,delisted,2014-02-28,2018-02-23
2015,1095565,HEALTHSTREAM INC,7370,cloud,HSTM,2000-04-11,2026-09-29,NASDAQ,listed,2014-03-04,2026-02-27
2015,1102541,"EarthLink Holdings, LLC",7370,cloud,ELNK,2001-01-02,2017-03-08,NASDAQ,delisted,2014-02-25,2017-02-24
2015,1107694,"RACKSPACE HOSTING, INC.",7370,cloud,RAX,2008-08-07,2016-11-11,NYSE,delisted,2014-03-03,2016-02-26
2015,1107843,"QUALYS, INC.",7372,cloud,QLYS,2012-09-28,2026-09-29,NASDAQ,listed,2014-02-28,2026-02-20
2015,1108524,"Salesforce, Inc.",7372,cloud,CRM,2004-06-23,2026-09-29,NYSE,listed,2014-03-05,2026-03-02
2015,1117106,NETSUITE INC,7372,cloud,,,,,unmapped,2014-03-03,2016-02-24
2015,1118417,"MODEL N, INC.",7370,cloud,MODN,2013-03-20,2024-06-27,NYSE,delisted,2014-11-19,2023-11-17
2015,1122388,ELLIE MAE INC,7372,cloud,ELLI,2011-04-15,2019-04-17,NYSE,delisted,2014-03-14,2019-03-01
2015,1124610,VMWARE LLC,7372,cloud,VMW,2007-08-15,2023-11-22,NYSE,delisted,2014-02-25,2023-03-28
2015,1158114,"APPLIED OPTOELECTRONICS, INC.",3674,semis,AAOI,2013-09-26,2026-09-29,NASDAQ,listed,2014-03-06,2026-02-26
2015,1160958,INPHI Corp,3674,semis,IPHI,2010-11-12,2021-04-20,NYSE,delisted,2014-03-05,2021-02-25
2015,1166220,"LYRIS, INC.",7372,cloud,NOV,1996-10-29,2026-09-29,NYSE,delisted,2014-09-18,2014-09-18
2015,1169652,CHANNELADVISOR CORP,7372,cloud,ECOM,2013-05-23,2022-11-15,NYSE,delisted,2014-02-27,2022-02-10
2015,1175609,"CAVIUM, INC.",3674,semis,CAVM,2007-05-02,2018-07-09,NASDAQ,delisted,2014-02-24,2018-03-01
2015,1182325,TANGOE INC,7372,cloud,TNGO,2011-07-27,2017-07-21,NASDAQ,delisted,2014-03-17,2015-03-16
2015,1212458,PROOFPOINT INC,7374,cloud,PFPT,2012-04-20,2021-08-31,NASDAQ,delisted,2014-03-14,2021-02-19
2015,1237746,"Endurance International Group Holdings, Inc.",7372,cloud,EIGI,2013-10-25,2021-02-10,NASDAQ,delisted,2014-02-28,2020-02-14
2015,1282631,NETLIST INC,3674,semis,,,,,unmapped,2014-03-18,2026-03-19
2015,1286225,"RealPage, Inc.",7372,cloud,RP,2010-08-12,2021-04-22,NASDAQ,delisted,2014-03-03,2021-03-01
2015,1288776,GOOGLE INC.,7370,cloud,GOOGL,2004-08-19,2026-09-29,NASDAQ,delisted,2014-02-12,2016-02-11
2015,1301031,Demandware Inc,7371,cloud,,,,,unmapped,2014-03-03,2016-02-26
2015,1311241,INTERMOLECULAR INC,3674,semis,IMI,2011-11-18,2019-09-20,NASDAQ,delisted,2014-03-10,2019-03-08
2015,1313911,Rally Software Development Corp,7372,cloud,RALY,2013-04-12,2015-07-07,NYSE,delisted,2014-04-11,2015-04-07
2015,1316625,Silicon Graphics International Corp,3571,semis,SGI,2003-12-18,2026-09-29,NYSE,delisted,2014-09-08,2016-09-02
2015,1326801,"Meta Platforms, Inc.",7370,cloud,META,2012-05-18,2026-09-29,NASDAQ,listed,2014-01-31,2026-01-29
2015,1327811,"Workday, Inc.",7374,cloud,WDAY,2012-10-12,2026-09-29,NASDAQ,listed,2014-03-31,2026-03-06
2015,1330421,Bazaarvoice Inc,7372,cloud,BV,2012-02-24,2018-02-01,NYSE,delisted,2014-06-26,2017-06-16
2015,1340127,Carbonite Inc,7374,cloud,CARB,2011-08-11,2020-01-10,NASDAQ,delisted,2014-03-05,2019-02-28
2015,1341439,ORACLE CORP,7372,cloud,ORCL,1986-03-12,2026-09-29,NYSE,listed,2014-06-26,2026-06-22
2015,1356104,"Mellanox Technologies, Ltd.",3674,semis,MLNX,2007-02-08,2020-04-27,NASDAQ,delisted,2014-02-28,2020-02-20
2015,1357326,"Riverbed Technology, Inc.",3576,network,RVBD,2006-09-21,2015-04-24,NASDAQ,delisted,2014-02-14,2015-02-13
2015,1364962,IMPERVA INC,7372,cloud,IMPV,2011-11-09,2019-01-10,NASDAQ,delisted,2014-02-28,2018-02-23
2015,1366684,HOMEAWAY INC,7374,cloud,,,,,unmapped,2014-02-26,2015-02-25
2015,1373715,"ServiceNow, Inc.",7372,cloud,NOW,2012-06-29,2026-09-29,NYSE,listed,2014-02-28,2026-01-29
2015,1375365,"Super Micro Computer, Inc.",3571,semis,SMCI,2007-03-29,2026-09-29,NASDAQ,listed,2014-09-15,2026-08-31
2015,1375793,"Metalert, Inc.",3663,network,,,,,unmapped,2014-04-10,2025-04-16
2015,1384905,"RingCentral, Inc.",7374,cloud,RNG,2013-09-27,2026-09-29,NYSE,listed,2014-02-26,2026-02-27
2015,1388133,ShoreTel Inc,3661,network,SHOR,2007-07-03,2017-09-25,NASDAQ,delisted,2014-09-11,2017-09-08
2015,1389002,MARIN SOFTWARE INC,7374,cloud,,,,,unmapped,2014-02-28,2024-02-23
2015,1391636,CYAN INC,7373,cloud,CYNI,2013-05-09,2015-08-03,NYSE,delisted,2014-03-25,2015-03-27
2015,1393052,VEEVA SYSTEMS INC,7372,cloud,VEEV,2013-10-16,2026-09-29,NYSE,listed,2014-03-18,2026-03-20
2015,1396536,"DUOS TECHNOLOGIES GROUP, INC.",7372,cloud,DUOT,2015-04-10,2026-09-29,NASDAQ,listed,2014-04-15,2026-03-31
2015,1407190,Violin Memory Inc,3572,semis,VMEM,2013-09-27,2016-10-27,NYSE,delisted,2014-04-16,2016-04-06
2015,1408278,"Synacor, Inc.",7370,cloud,SYNC,2012-02-13,2021-04-01,NASDAQ,delisted,2014-03-26,2021-03-31
2015,1418091,"TWITTER, INC.",7370,cloud,TWTR,2013-11-07,2022-10-28,NYSE,delisted,2014-03-06,2022-02-16
2015,1418175,DuPont Fabros Technology LP,6798,infra,DFT,2007-10-19,2017-09-28,NYSE,delisted,2014-02-12,2017-02-23
2015,1419951,Data Storage Corp,7374,cloud,DTST,2010-09-20,2026-09-29,NASDAQ,listed,2014-04-15,2026-04-14
2015,1420302,"LogMeIn, Inc.",7372,cloud,LOGM,2009-07-01,2020-08-31,NASDAQ,delisted,2014-03-10,2020-02-14
2015,1432150,"GigPeak, Inc.",3674,semis,,,,,unmapped,2014-03-18,2017-03-15
2015,1439404,ZYNGA INC,7374,cloud,ZNGA,2011-12-16,2022-09-08,NASDAQ,delisted,2014-02-21,2022-02-25
2015,1453883,"BULK STORAGE SOFTWARE, INC.",3572,semis,,,,,unmapped,2014-01-14,2016-01-14
2015,1462633,"Jive Software, Inc.",7374,cloud,,,,,unmapped,2014-03-03,2017-02-28
2015,1474439,"Telenav, Inc.",3812,infra,TNAV,2010-05-13,2021-02-17,NASDAQ,delisted,2014-08-22,2020-08-21
2015,1476638,"Rackwise, Inc.",7372,cloud,,,,,unmapped,2014-04-15,2014-04-15
2015,1477200,Rocket Fuel Inc.,7370,cloud,FUEL,2013-09-20,2017-09-11,NASDAQ,delisted,2014-02-28,2017-03-16
2015,1482974,"Carter Validus Mission Critical REIT, Inc.",6798,infra,,,,,unmapped,2014-03-19,2019-03-22
2015,1485933,Trunkbow International Holdings Ltd,7372,cloud,,,,,unmapped,2014-09-26,2014-09-26
2015,1490660,"Marketo, Inc.",7372,cloud,MKTO,2013-05-16,2016-08-17,NASDAQ,delisted,2014-03-03,2016-03-04
2015,1490892,CoreSite Realty Corp,6798,infra,COR,1995-04-04,2026-09-29,NYSE,delisted,2014-02-14,2021-02-05
2015,1517228,"Vistance Networks, Inc.",3663,network,VISN,2013-10-25,2026-09-29,NASDAQ,listed,2014-02-20,2026-02-26
2015,1517650,"Interactive Intelligence Group, Inc.",7372,cloud,,,,,unmapped,2014-03-12,2016-02-29
2015,1526160,Fleetmatics Group Ltd,7372,cloud,FLTX,2012-10-08,2016-11-15,NYSE,delisted,2014-03-17,2016-02-26
2015,1563699,Covisint Corp,7374,cloud,COVS,2013-09-26,2017-07-27,NASDAQ,delisted,2014-05-30,2017-06-05
2015,1571116,Truven Holding Corp.,7374,cloud,,,,,unmapped,2014-03-31,2016-03-30
2015,1575810,CyrusOne LP,6798,infra,CONE,2013-01-18,2022-03-25,NASDAQ,delisted,2014-03-03,2015-02-27
2015,1576169,"Benefitfocus, Inc.",7372,cloud,BNFT,2013-09-18,2023-01-24,NASDAQ,delisted,2014-03-21,2022-03-04
2015,1577368,"QTS Realty Trust, Inc.",6798,infra,QTS,2013-10-09,2021-08-31,NYSE,delisted,2014-03-10,2021-02-26
2015,1577966,"COPT DEFENSE PROPERTIES, L.P.",6798,infra,,,,,unmapped,2014-03-03,2021-02-12
2015,1591698,Paylocity Holding Corp,7372,cloud,PCTY,2014-03-19,2026-09-29,NASDAQ,listed,2014-08-22,2026-08-05
2016,2488,ADVANCED MICRO DEVICES INC,3674,semis,AMD,1983-03-21,2026-09-29,NASDAQ,listed,2015-02-19,2026-02-04
2016,26058,CTS CORP,3672,semis,CTS,1987-11-05,2026-09-29,NYSE,listed,2015-02-24,2026-02-24
2016,36047,"CORELOGIC, INC.",7374,cloud,CLGX,1990-03-23,2021-06-08,NYSE,delisted,2015-02-26,2021-03-01
2016,47217,HP INC,3570,semis,HPQ,1962-01-02,2026-09-29,NYSE,listed,2015-12-16,2025-12-10
2016,50863,INTEL CORP,3674,semis,INTC,1980-03-17,2026-09-29,NASDAQ,listed,2015-02-13,2026-01-23
2016,106040,WESTERN DIGITAL CORP,3572,semis,WDC,1987-01-02,2026-09-29,NASDAQ,listed,2015-08-21,2026-08-14
2016,711065,APPLIED MICRO CIRCUITS CORP,3674,semis,AMCC,2001-01-02,2017-02-03,NASDAQ,delisted,2015-05-22,2016-05-20
2016,714603,DST SYSTEMS INC,7374,cloud,DST,1995-11-01,2018-04-17,NYSE,delisted,2015-02-26,2018-02-28
2016,733269,"LiveRamp Holdings, Inc.",7374,cloud,ACXM,1984-09-07,2018-10-01,NASDAQ,delisted,2015-05-27,2026-05-21
2016,740664,R F INDUSTRIES LTD,3678,semis,RFIL,1997-05-28,2026-09-29,NASDAQ,listed,2015-01-29,2026-01-14
2016,743988,XILINX INC,3674,semis,XLNX,1990-06-18,2022-02-14,NASDAQ,delisted,2015-05-13,2021-05-14
2016,746838,UNISYS CORP,7373,cloud,UIS,1972-06-01,2026-09-29,NYSE,listed,2015-02-23,2026-02-25
2016,767920,PMC SIERRA INC,3674,semis,,,,,unmapped,2015-02-24,2015-02-24
2016,789019,MICROSOFT CORP,7372,cloud,MSFT,1986-03-13,2026-09-29,NASDAQ,listed,2015-07-31,2026-07-29
2016,790070,EMC CORP,3572,semis,EMC,1988-12-16,2016-09-15,NYSE,delisted,2015-02-27,2016-02-25
2016,796343,ADOBE INC.,7372,cloud,ADBE,1986-08-14,2026-09-29,NASDAQ,listed,2015-01-20,2026-01-15
2016,804328,QUALCOMM INC/DE,3663,network,QCOM,1991-12-16,2026-09-29,NASDAQ,listed,2015-11-04,2025-11-05
2016,804753,CERNER Corp,7373,cloud,CERN,1990-03-26,2022-09-08,NASDAQ,delisted,2015-02-11,2022-02-22
2016,855612,ZIX CORP,7374,cloud,ZIXI,1989-11-10,2021-12-23,NASDAQ,delisted,2015-03-11,2021-03-05
2016,858877,"CISCO SYSTEMS, INC.",3576,network,CSCO,1990-03-26,2026-09-29,NASDAQ,listed,2015-09-08,2026-09-02
2016,860731,TYLER TECHNOLOGIES INC,7372,cloud,TYL,1987-12-30,2026-09-29,NYSE,listed,2015-02-18,2026-02-18
2016,887969,MRV COMMUNICATIONS INC,3674,semis,,,,,unmapped,2015-03-16,2017-03-09
2016,890264,EXA CORP,7372,cloud,,,,,unmapped,2015-03-24,2017-03-22
2016,896878,INTUIT INC.,7372,cloud,INTU,1993-03-22,2026-09-29,NASDAQ,listed,2015-09-01,2026-09-09
2016,912093,VIAVI SOLUTIONS INC.,3674,semis,VIAV,2015-08-04,2026-09-29,NASDAQ,listed,2015-08-25,2026-08-13
2016,918386,QLOGIC CORP,3576,network,QLGC,2016-01-04,2016-08-24,NASDAQ,delisted,2015-05-26,2016-05-26
2016,936395,CIENA CORP,3661,network,CIEN,1997-02-07,2026-09-29,NYSE,listed,2015-12-21,2025-12-12
2016,949158,CRAY INC,3571,semis,CRAY,1995-09-27,2019-09-25,NASDAQ,delisted,2015-02-19,2019-02-12
2016,1000180,SANDISK CORP,3572,semis,SNDK,1995-11-08,2016-05-20,NASDAQ,delisted,2015-02-10,2016-02-12
2016,1002047,"NetApp, Inc.",3572,semis,NTAP,1995-11-21,2026-09-29,NASDAQ,listed,2015-06-12,2026-06-05
2016,1008586,STREAMLINE HEALTH SOLUTIONS INC.,7373,cloud,STRM,1996-04-18,2026-09-29,NASDAQ,delisted,2015-04-16,2025-05-02
2016,1009626,BROCADE COMMUNICATIONS SYSTEMS INC,3576,network,BRCD,1999-05-25,2017-11-20,NASDAQ,delisted,2015-12-22,2016-12-16
2016,1011006,ALTABA INC.,7373,cloud,YHOO,1996-04-12,2017-06-26,NASDAQ,delisted,2015-02-27,2017-03-01
2016,1013237,FACTSET RESEARCH SYSTEMS INC,7370,cloud,FDS,1996-06-28,2026-09-29,NYSE,listed,2015-11-02,2025-10-22
2016,1013462,ANSYS INC,7372,cloud,ANSS,1996-06-21,2026-09-29,NASDAQ,delisted,2015-02-26,2025-02-19
2016,1016125,ULTIMATE SOFTWARE GROUP INC,7372,cloud,ULTI,1998-06-17,2019-05-03,NASDAQ,delisted,2015-02-27,2019-03-01
2016,1027207,EPIQ SYSTEMS INC,7371,cloud,EPIQ,2016-01-04,2016-10-10,NASDAQ,delisted,2015-03-02,2016-03-01
2016,1043604,JUNIPER NETWORKS INC,3576,network,JNPR,1999-06-25,2025-07-02,NYSE,delisted,2015-02-20,2025-02-21
2016,1045810,NVIDIA CORP,3674,semis,NVDA,1999-01-22,2026-09-29,NASDAQ,listed,2015-03-12,2026-02-25
2016,1048695,"F5, INC.",3576,network,FFIV,1999-06-04,2026-09-29,NASDAQ,listed,2015-11-06,2025-11-25
2016,1054374,BROADCOM CORP,3674,semis,,,,,unmapped,2015-01-29,2015-01-29
2016,1056386,Internap Corp,7370,cloud,INAPQ,1999-09-29,2020-04-30,NASDAQ,delisted,2015-02-19,2020-05-08
2016,1056923,DATALINK CORP,7373,cloud,DTLK,2001-01-02,2017-01-09,NASDAQ,delisted,2015-03-13,2016-03-14
2016,1077866,LOOKSMART LTD,7374,cloud,LOOK,1999-08-20,2015-10-27,NASDAQ,delisted,2015-03-17,2015-03-17
2016,1078271,EXTREME NETWORKS INC,3576,network,EXTR,1999-04-09,2026-09-29,NASDAQ,listed,2015-09-14,2026-08-17
2016,1081745,"INTELLINETICS, INC.",7372,cloud,INLX,2015-03-10,2026-09-29,AMEX,listed,2015-03-31,2026-03-30
2016,1095291,"WEB.COM GROUP, INC.",7372,cloud,WWWW,2005-11-03,2015-11-09,NASDAQ,delisted,2015-02-27,2018-02-23
2016,1095565,HEALTHSTREAM INC,7370,cloud,HSTM,2000-04-11,2026-09-29,NASDAQ,listed,2015-02-27,2026-02-27
2016,1097718,"UnifiedOnline, Inc.",3572,semis,,,,,unmapped,2015-10-13,2015-10-13
2016,1102541,"EarthLink Holdings, LLC",7370,cloud,ELNK,2001-01-02,2017-03-08,NASDAQ,delisted,2015-02-20,2017-02-24
2016,1107694,"RACKSPACE HOSTING, INC.",7370,cloud,RAX,2008-08-07,2016-11-11,NYSE,delisted,2015-03-02,2016-02-26
2016,1107843,"QUALYS, INC.",7372,cloud,QLYS,2012-09-28,2026-09-29,NASDAQ,listed,2015-03-06,2026-02-20
2016,1108524,"Salesforce, Inc.",7372,cloud,CRM,2004-06-23,2026-09-29,NYSE,listed,2015-03-06,2026-03-02
2016,1110647,"OCLARO, INC.",3674,semis,OCLR,2000-04-11,2018-12-10,NASDAQ,delisted,2015-08-28,2018-08-23
2016,1117106,NETSUITE INC,7372,cloud,,,,,unmapped,2015-03-02,2016-02-24
2016,1118417,"MODEL N, INC.",7370,cloud,MODN,2013-03-20,2024-06-27,NYSE,delisted,2015-11-23,2023-11-17
2016,1122388,ELLIE MAE INC,7372,cloud,ELLI,2011-04-15,2019-04-17,NYSE,delisted,2015-03-02,2019-03-01
2016,1124610,VMWARE LLC,7372,cloud,VMW,2007-08-15,2023-11-22,NYSE,delisted,2015-02-26,2023-03-28
2016,1131554,SYNCHRONOSS TECHNOLOGIES INC,7371,cloud,SNCR,2006-06-15,2026-09-29,NASDAQ,delisted,2015-02-25,2025-03-12
2016,1137789,Seagate Technology Holdings plc,3572,semis,STX,2002-12-11,2026-09-29,NASDAQ,listed,2015-08-12,2026-08-04
2016,1158114,"APPLIED OPTOELECTRONICS, INC.",3674,semis,AAOI,2013-09-26,2026-09-29,NASDAQ,listed,2015-03-05,2026-02-26
2016,1160958,INPHI Corp,3674,semis,IPHI,2010-11-12,2021-04-20,NYSE,delisted,2015-03-10,2021-02-25
2016,1161315,YODLEE INC,7372,cloud,YDLE,2014-10-03,2015-11-19,NASDAQ,delisted,2015-03-04,2015-03-04
2016,1169652,CHANNELADVISOR CORP,7372,cloud,ECOM,2013-05-23,2022-11-15,NYSE,delisted,2015-02-26,2022-02-10
2016,1175609,"CAVIUM, INC.",3674,semis,CAVM,2007-05-02,2018-07-09,NASDAQ,delisted,2015-03-02,2018-03-01
2016,1182325,TANGOE INC,7372,cloud,TNGO,2011-07-27,2017-07-21,NASDAQ,delisted,2015-03-16,2015-03-16
2016,1211759,CONNECTURE INC,7372,cloud,CNXR,2014-12-12,2018-04-27,NASDAQ,delisted,2015-03-25,2018-04-02
2016,1212458,PROOFPOINT INC,7374,cloud,PFPT,2012-04-20,2021-08-31,NASDAQ,delisted,2015-02-26,2021-02-19
2016,1227025,NEOPHOTONICS CORP,3674,semis,NPTN,2011-02-02,2022-08-03,NYSE,delisted,2015-03-16,2022-02-25
2016,1237746,"Endurance International Group Holdings, Inc.",7372,cloud,EIGI,2013-10-25,2021-02-10,NASDAQ,delisted,2015-02-27,2020-02-14
2016,1271024,LINKEDIN CORP,7370,cloud,LNKD,2011-05-19,2016-12-16,NYSE,delisted,2015-02-12,2016-02-12
2016,1282631,NETLIST INC,3674,semis,,,,,unmapped,2015-03-27,2026-03-19
2016,1286225,"RealPage, Inc.",7372,cloud,RP,2010-08-12,2021-04-22,NASDAQ,delisted,2015-03-02,2021-03-01
2016,1288469,"MAXLINEAR, INC",3674,semis,MXL,2010-03-24,2026-09-29,NASDAQ,listed,2015-02-23,2026-01-29
2016,1288776,GOOGLE INC.,7370,cloud,GOOG,2014-03-27,2026-09-29,NASDAQ,delisted,2015-02-09,2016-02-11
2016,1288847,"Five9, Inc.",7374,cloud,FIVN,2014-04-04,2026-09-29,NASDAQ,listed,2015-03-10,2026-02-20
2016,1301031,Demandware Inc,7371,cloud,DWRE,2016-01-04,2016-07-11,NYSE,delisted,2015-03-02,2016-02-26
2016,1311241,INTERMOLECULAR INC,3674,semis,IMI,2011-11-18,2019-09-20,NASDAQ,delisted,2015-02-27,2019-03-08
2016,1313275,BRIGHTCOVE INC,7374,cloud,BCOV,2012-02-17,2025-02-04,NASDAQ,delisted,2015-03-05,2024-02-22
2016,1313911,Rally Software Development Corp,7372,cloud,RALY,2013-04-12,2015-07-07,NYSE,delisted,2015-04-07,2015-04-07
2016,1314223,"Amber Road, Inc.",7372,cloud,AMBR,2014-03-21,2019-07-29,NASDAQ,delisted,2015-03-13,2019-03-05
2016,1316625,Silicon Graphics International Corp,3571,semis,SGI,2003-12-18,2026-09-29,NYSE,delisted,2015-09-09,2016-09-02
2016,1326801,"Meta Platforms, Inc.",7370,cloud,META,2012-05-18,2026-09-29,NASDAQ,listed,2015-01-29,2026-01-29
2016,1327811,"Workday, Inc.",7374,cloud,WDAY,2012-10-12,2026-09-29,NASDAQ,listed,2015-03-25,2026-03-06
2016,1340127,Carbonite Inc,7374,cloud,CARB,2011-08-11,2020-01-10,NASDAQ,delisted,2015-03-10,2019-02-28
2016,1341439,ORACLE CORP,7372,cloud,ORCL,1986-03-12,2026-09-29,NYSE,listed,2015-06-25,2026-06-22
2016,1348334,BARRACUDA NETWORKS INC,3577,semis,CUDA,2013-11-06,2018-02-12,NYSE,delisted,2015-04-29,2017-05-15
2016,1356104,"Mellanox Technologies, Ltd.",3674,semis,MLNX,2007-02-08,2020-04-27,NASDAQ,delisted,2015-03-02,2020-02-20
2016,1357326,"Riverbed Technology, Inc.",3576,network,RVBD,2006-09-21,2015-04-24,NASDAQ,delisted,2015-02-13,2015-02-13
2016,1364962,IMPERVA INC,7372,cloud,IMPV,2011-11-09,2019-01-10,NASDAQ,delisted,2015-03-02,2018-02-23
2016,1366684,HOMEAWAY INC,7374,cloud,,,,,unmapped,2015-02-25,2015-02-25
2016,1372612,BOX INC,7372,cloud,BOX,2015-01-23,2026-09-29,NYSE,listed,2015-03-30,2026-03-09
2016,1373715,"ServiceNow, Inc.",7372,cloud,NOW,2012-06-29,2026-09-29,NYSE,listed,2015-02-27,2026-01-29
2016,1375365,"Super Micro Computer, Inc.",3571,semis,SMCI,2007-03-29,2026-09-29,NASDAQ,listed,2015-09-10,2026-08-31
2016,1375557,"Guidance Software, Inc.",7372,cloud,GUID,2006-12-13,2017-09-14,NASDAQ,delisted,2015-02-24,2017-03-01
2016,1384905,"RingCentral, Inc.",7374,cloud,RNG,2013-09-27,2026-09-29,NYSE,listed,2015-02-27,2026-02-27
2016,1388133,ShoreTel Inc,3661,network,SHOR,2007-07-03,2017-09-25,NASDAQ,delisted,2015-09-11,2017-09-08
2016,1389002,MARIN SOFTWARE INC,7374,cloud,,,,,unmapped,2015-02-20,2024-02-23
2016,1391636,CYAN INC,7373,cloud,CYNI,2013-05-09,2015-08-03,NYSE,delisted,2015-03-27,2015-03-27
2016,1393052,VEEVA SYSTEMS INC,7372,cloud,VEEV,2013-10-16,2026-09-29,NYSE,listed,2015-04-01,2026-03-20
2016,1396536,"DUOS TECHNOLOGIES GROUP, INC.",7372,cloud,DUOT,2015-04-10,2026-09-29,NASDAQ,listed,2015-04-15,2026-03-31
2016,1397183,"Iveda Solutions, Inc.",7372,cloud,IVDA,2015-10-15,2026-09-29,NASDAQ,listed,2015-03-16,2026-03-31
2016,1407190,Violin Memory Inc,3572,semis,VMEM,2013-09-27,2016-10-27,NYSE,delisted,2015-04-08,2016-04-06
2016,1408278,"Synacor, Inc.",7370,cloud,SYNC,2012-02-13,2021-04-01,NASDAQ,delisted,2015-03-12,2021-03-31
2016,1410384,"Q2 Holdings, Inc.",7372,cloud,QTWO,2014-03-20,2026-09-29,NYSE,listed,2015-02-12,2026-02-11
2016,1418091,"TWITTER, INC.",7370,cloud,TWTR,2013-11-07,2022-10-28,NYSE,delisted,2015-03-02,2022-02-16
2016,1418175,DuPont Fabros Technology LP,6798,infra,DFT,2007-10-19,2017-09-28,NYSE,delisted,2015-02-25,2017-02-23
2016,1419951,Data Storage Corp,7374,cloud,DTST,2010-09-20,2026-09-29,NASDAQ,listed,2015-03-31,2026-04-14
2016,1420302,"LogMeIn, Inc.",7372,cloud,LOGM,2009-07-01,2020-08-31,NASDAQ,delisted,2015-02-20,2020-02-14
2016,1432150,"GigPeak, Inc.",3674,semis,,,,,unmapped,2015-03-17,2017-03-15
2016,1433269,Diligent Corp,7372,cloud,,,,,unmapped,2015-03-16,2016-03-14
2016,1433714,"CASTLIGHT HEALTH, INC.",7374,cloud,CSLT,2014-03-14,2022-02-17,NYSE,delisted,2015-03-12,2021-02-24
2016,1439404,ZYNGA INC,7374,cloud,ZNGA,2011-12-16,2022-09-08,NASDAQ,delisted,2015-02-24,2022-02-25
2016,1448056,"NEW RELIC, INC.",7372,cloud,NEWR,2014-12-12,2023-11-07,NYSE,delisted,2015-05-28,2023-05-23
2016,1449278,TUBEMOGUL INC,7372,cloud,TUBE,2016-01-04,2016-12-20,NASDAQ,delisted,2015-03-31,2016-03-10
2016,1453814,"Medidata Solutions, Inc.",7372,cloud,MDSO,2009-06-25,2019-10-28,NASDAQ,delisted,2015-03-02,2019-03-01
2016,1453883,"BULK STORAGE SOFTWARE, INC.",3572,semis,,,,,unmapped,2015-02-23,2016-01-14
2016,1462633,"Jive Software, Inc.",7374,cloud,,,,,unmapped,2015-02-27,2017-02-28
2016,1463172,"Zendesk, Inc.",7374,cloud,ZEN,2014-05-15,2022-11-21,NYSE,delisted,2015-02-17,2022-02-15
2016,1470099,"MOBILEIRON, INC.",7372,cloud,MOBL,2014-06-12,2020-12-01,NASDAQ,delisted,2015-02-27,2020-03-06
2016,1477200,Rocket Fuel Inc.,7370,cloud,FUEL,2013-09-20,2017-09-11,NASDAQ,delisted,2015-03-16,2017-03-16
2016,1482974,"Carter Validus Mission Critical REIT, Inc.",6798,infra,,,,,unmapped,2015-03-26,2019-03-22
2016,1490660,"Marketo, Inc.",7372,cloud,MKTO,2013-05-16,2016-08-17,NASDAQ,delisted,2015-03-12,2016-03-04
2016,1490892,CoreSite Realty Corp,6798,infra,COR,1995-04-04,2026-09-29,NYSE,delisted,2015-02-13,2021-02-05
2016,1505155,"Upland Software, Inc.",7372,cloud,UPLD,2014-11-06,2026-09-29,NASDAQ,listed,2015-03-31,2026-03-03
2016,1517228,"Vistance Networks, Inc.",3663,network,VISN,2013-10-25,2026-09-29,NASDAQ,listed,2015-02-20,2026-02-26
2016,1517650,"Interactive Intelligence Group, Inc.",7372,cloud,ININ,2016-01-04,2016-12-02,NASDAQ,delisted,2015-02-27,2016-02-29
2016,1526160,Fleetmatics Group Ltd,7372,cloud,FLTX,2012-10-08,2016-11-15,NYSE,delisted,2015-02-27,2016-02-26
2016,1546392,Gawk Inc.,7370,cloud,,,,,unmapped,2015-07-23,2017-10-23
2016,1563699,Covisint Corp,7374,cloud,COVS,2013-09-26,2017-07-27,NASDAQ,delisted,2015-05-27,2017-06-05
2016,1565337,Textura Corp,7372,cloud,,,,,unmapped,2015-03-09,2016-03-04
2016,1567925,"Sila Realty Trust, Inc.",6798,infra,,,,,unmapped,2015-03-26,2026-02-25
2016,1571116,Truven Holding Corp.,7374,cloud,,,,,unmapped,2015-03-13,2016-03-30
2016,1575810,CyrusOne LP,6798,infra,CONE,2013-01-18,2022-03-25,NASDAQ,delisted,2015-02-27,2015-02-27
2016,1576169,"Benefitfocus, Inc.",7372,cloud,BNFT,2013-09-18,2023-01-24,NASDAQ,delisted,2015-02-27,2022-03-04
2016,1577368,"QTS Realty Trust, Inc.",6798,infra,QTS,2013-10-09,2021-08-31,NYSE,delisted,2015-02-23,2021-02-26
2016,1577966,"COPT DEFENSE PROPERTIES, L.P.",6798,infra,,,,,unmapped,2015-02-18,2021-02-12
2016,1580808,"A10 Networks, Inc.",3576,network,ATEN,2014-03-21,2026-09-29,NYSE,listed,2015-03-11,2026-02-25
2016,1591698,Paylocity Holding Corp,7372,cloud,PCTY,2014-03-19,2026-09-29,NASDAQ,listed,2015-08-14,2026-08-05
2016,1595974,"MAGNITE, INC.",7370,cloud,MGNI,2014-04-02,2026-09-29,NASDAQ,listed,2015-03-06,2026-02-25
2016,1596532,"Arista Networks, Inc.",3576,network,ANET,2014-06-06,2026-09-29,NYSE,listed,2015-03-12,2026-02-17
2016,1610532,"Hortonworks, Inc.",7372,cloud,HDP,2014-12-12,2019-01-03,NASDAQ,delisted,2015-03-27,2018-03-15
2016,1633978,Lumentum Holdings Inc.,3669,network,LITE,2015-08-04,2026-09-29,NASDAQ,listed,2015-09-25,2026-08-17
2016,1645590,Hewlett Packard Enterprise Co,3570,semis,HPE,2015-10-19,2026-09-29,NYSE,listed,2015-12-17,2025-12-18
2017,2488,ADVANCED MICRO DEVICES INC,3674,semis,AMD,1983-03-21,2026-09-29,NASDAQ,listed,2016-02-18,2026-02-04
2017,50863,INTEL CORP,3674,semis,INTC,1980-03-17,2026-09-29,NASDAQ,listed,2016-02-12,2026-01-23
2017,106040,WESTERN DIGITAL CORP,3572,semis,WDC,1987-01-02,2026-09-29,NASDAQ,listed,2016-08-29,2026-08-14
2017,310568,MICROSEMI CORP,3674,semis,MSCC,1990-03-26,2018-05-29,NASDAQ,delisted,2016-11-16,2017-11-14
2017,711065,APPLIED MICRO CIRCUITS CORP,3674,semis,AMCC,2001-01-02,2017-02-03,NASDAQ,delisted,2016-05-20,2016-05-20
2017,733269,"LiveRamp Holdings, Inc.",7374,cloud,ACXM,1984-09-07,2018-10-01,NASDAQ,delisted,2016-05-27,2026-05-21
2017,740664,R F INDUSTRIES LTD,3678,semis,RFIL,1997-05-28,2026-09-29,NASDAQ,listed,2016-01-28,2026-01-14
2017,743988,XILINX INC,3674,semis,XLNX,1990-06-18,2022-02-14,NASDAQ,delisted,2016-05-17,2021-05-14
2017,746838,UNISYS CORP,7373,cloud,UIS,1972-06-01,2026-09-29,NYSE,listed,2016-02-29,2026-02-25
2017,751978,VICOR CORP,3679,semis,VICR,1991-11-27,2026-09-29,NASDAQ,listed,2016-03-08,2026-03-02
2017,789019,MICROSOFT CORP,7372,cloud,MSFT,1986-03-13,2026-09-29,NASDAQ,listed,2016-07-28,2026-07-29
2017,790070,EMC CORP,3572,semis,EMC,1988-12-16,2016-09-15,NYSE,delisted,2016-02-25,2016-02-25
2017,796343,ADOBE INC.,7372,cloud,ADBE,1986-08-14,2026-09-29,NASDAQ,listed,2016-01-19,2026-01-15
2017,804328,QUALCOMM INC/DE,3663,network,QCOM,1991-12-16,2026-09-29,NASDAQ,listed,2016-11-02,2025-11-05
2017,804753,CERNER Corp,7373,cloud,CERN,1990-03-26,2022-09-08,NASDAQ,delisted,2016-02-17,2022-02-22
2017,855612,ZIX CORP,7374,cloud,ZIXI,1989-11-10,2021-12-23,NASDAQ,delisted,2016-03-10,2021-03-05
2017,858877,"CISCO SYSTEMS, INC.",3576,network,CSCO,1990-03-26,2026-09-29,NASDAQ,listed,2016-09-08,2026-09-02
2017,873044,RADISYS CORP,3577,semis,RSYS,1995-10-20,2018-12-11,NASDAQ,delisted,2016-03-02,2018-02-28
2017,887969,MRV COMMUNICATIONS INC,3674,semis,,,,,unmapped,2016-03-09,2017-03-09
2017,890264,EXA CORP,7372,cloud,,,,,unmapped,2016-03-21,2017-03-22
2017,890394,Peraso Inc.,3674,semis,PRSO,2001-06-28,2026-09-29,NASDAQ,listed,2016-03-15,2026-03-30
2017,896878,INTUIT INC.,7372,cloud,INTU,1993-03-22,2026-09-29,NASDAQ,listed,2016-09-01,2026-09-09
2017,918386,QLOGIC CORP,3576,network,QLGC,2016-01-04,2016-08-24,NASDAQ,delisted,2016-05-26,2016-05-26
2017,936395,CIENA CORP,3661,network,CIEN,1997-02-07,2026-09-29,NYSE,listed,2016-12-21,2025-12-12
2017,949158,CRAY INC,3571,semis,CRAY,1995-09-27,2019-09-25,NASDAQ,delisted,2016-02-11,2019-02-12
2017,1000180,SANDISK CORP,3572,semis,SNDK,1995-11-08,2016-05-20,NASDAQ,delisted,2016-02-12,2016-02-12
2017,1002047,"NetApp, Inc.",3572,semis,NTAP,1995-11-21,2026-09-29,NASDAQ,listed,2016-06-22,2026-06-05
2017,1002517,"Nuance Communications, Inc.",7372,cloud,NUAN,1995-12-11,2022-03-04,NASDAQ,delisted,2016-11-22,2021-11-18
2017,1009626,BROCADE COMMUNICATIONS SYSTEMS INC,3576,network,BRCD,1999-05-25,2017-11-20,NASDAQ,delisted,2016-12-16,2016-12-16
2017,1013237,FACTSET RESEARCH SYSTEMS INC,7370,cloud,FDS,1996-06-28,2026-09-29,NYSE,listed,2016-10-31,2025-10-22
2017,1013462,ANSYS INC,7372,cloud,ANSS,1996-06-21,2026-09-29,NASDAQ,delisted,2016-02-25,2025-02-19
2017,1014473,VERISIGN INC/CA,7371,cloud,VRSN,1998-01-30,2026-09-29,NASDAQ,listed,2016-02-19,2026-02-05
2017,1016125,ULTIMATE SOFTWARE GROUP INC,7372,cloud,ULTI,1998-06-17,2019-05-03,NASDAQ,delisted,2016-02-26,2019-03-01
2017,1027207,EPIQ SYSTEMS INC,7371,cloud,EPIQ,2016-01-04,2016-10-10,NASDAQ,delisted,2016-03-01,2016-03-01
2017,1043604,JUNIPER NETWORKS INC,3576,network,JNPR,1999-06-25,2025-07-02,NYSE,delisted,2016-02-19,2025-02-21
2017,1045810,NVIDIA CORP,3674,semis,NVDA,1999-01-22,2026-09-29,NASDAQ,listed,2016-03-17,2026-02-25
2017,1048695,"F5, INC.",3576,network,FFIV,1999-06-04,2026-09-29,NASDAQ,listed,2016-11-04,2025-11-25
2017,1056386,Internap Corp,7370,cloud,INAPQ,1999-09-29,2020-04-30,NASDAQ,delisted,2016-02-18,2020-05-08
2017,1056923,DATALINK CORP,7373,cloud,DTLK,2001-01-02,2017-01-09,NASDAQ,delisted,2016-03-14,2016-03-14
2017,1078271,EXTREME NETWORKS INC,3576,network,EXTR,1999-04-09,2026-09-29,NASDAQ,listed,2016-09-06,2026-08-17
2017,1081745,"INTELLINETICS, INC.",7372,cloud,INLX,2015-03-10,2026-09-29,AMEX,listed,2016-03-28,2026-03-30
2017,1095291,"WEB.COM GROUP, INC.",7372,cloud,WEB,2015-11-10,2018-10-11,NASDAQ,delisted,2016-02-26,2018-02-23
2017,1101239,EQUINIX INC,6798,infra,EQIX,2000-08-11,2026-09-29,NASDAQ,listed,2016-02-26,2026-02-11
2017,1102541,"EarthLink Holdings, LLC",7370,cloud,ELNK,2001-01-02,2017-03-08,NASDAQ,delisted,2016-02-19,2017-02-24
2017,1107694,"RACKSPACE HOSTING, INC.",7370,cloud,RAX,2008-08-07,2016-11-11,NYSE,delisted,2016-02-26,2016-02-26
2017,1107843,"QUALYS, INC.",7372,cloud,QLYS,2012-09-28,2026-09-29,NASDAQ,listed,2016-02-26,2026-02-20
2017,1108524,"Salesforce, Inc.",7372,cloud,CRM,2004-06-23,2026-09-29,NYSE,listed,2016-03-07,2026-03-02
2017,1110647,"OCLARO, INC.",3674,semis,OCLR,2000-04-11,2018-12-10,NASDAQ,delisted,2016-08-26,2018-08-23
2017,1117106,NETSUITE INC,7372,cloud,,,,,unmapped,2016-02-24,2016-02-24
2017,1118417,"MODEL N, INC.",7370,cloud,MODN,2013-03-20,2024-06-27,NYSE,delisted,2016-11-18,2023-11-17
2017,1122388,ELLIE MAE INC,7372,cloud,ELLI,2011-04-15,2019-04-17,NYSE,delisted,2016-02-25,2019-03-01
2017,1122897,CVENT INC,7372,cloud,CVT,2013-08-08,2016-12-07,NYSE,delisted,2016-03-01,2016-03-01
2017,1124610,VMWARE LLC,7372,cloud,VMW,2007-08-15,2023-11-22,NYSE,delisted,2016-02-25,2023-03-28
2017,1131554,SYNCHRONOSS TECHNOLOGIES INC,7371,cloud,SNCR,2006-06-15,2026-09-29,NASDAQ,delisted,2016-02-26,2025-03-12
2017,1137789,Seagate Technology Holdings plc,3572,semis,STX,2002-12-11,2026-09-29,NASDAQ,listed,2016-08-05,2026-08-04
2017,1158114,"APPLIED OPTOELECTRONICS, INC.",3674,semis,AAOI,2013-09-26,2026-09-29,NASDAQ,listed,2016-03-14,2026-02-26
2017,1160958,INPHI Corp,3674,semis,IPHI,2010-11-12,2021-04-20,NYSE,delisted,2016-02-29,2021-02-25
2017,1169652,CHANNELADVISOR CORP,7372,cloud,ECOM,2013-05-23,2022-11-15,NYSE,delisted,2016-02-25,2022-02-10
2017,1175609,"CAVIUM, INC.",3674,semis,CAVM,2007-05-02,2018-07-09,NASDAQ,delisted,2016-02-22,2018-03-01
2017,1211759,CONNECTURE INC,7372,cloud,CNXR,2014-12-12,2018-04-27,NASDAQ,delisted,2016-03-15,2018-04-02
2017,1212458,PROOFPOINT INC,7374,cloud,PFPT,2012-04-20,2021-08-31,NASDAQ,delisted,2016-02-25,2021-02-19
2017,1227025,NEOPHOTONICS CORP,3674,semis,NPTN,2011-02-02,2022-08-03,NYSE,delisted,2016-03-15,2022-02-25
2017,1237746,"Endurance International Group Holdings, Inc.",7372,cloud,EIGI,2013-10-25,2021-02-10,NASDAQ,delisted,2016-02-29,2020-02-14
2017,1271024,LINKEDIN CORP,7370,cloud,LNKD,2011-05-19,2016-12-16,NYSE,delisted,2016-02-12,2016-02-12
2017,1282631,NETLIST INC,3674,semis,,,,,unmapped,2016-03-04,2026-03-19
2017,1286225,"RealPage, Inc.",7372,cloud,RP,2010-08-12,2021-04-22,NASDAQ,delisted,2016-02-29,2021-03-01
2017,1288469,"MAXLINEAR, INC",3674,semis,MXL,2010-03-24,2026-09-29,NASDAQ,listed,2016-02-17,2026-01-29
2017,1288776,GOOGLE INC.,7370,cloud,GOOG,2014-03-27,2026-09-29,NASDAQ,delisted,2016-02-11,2016-02-11
2017,1288847,"Five9, Inc.",7374,cloud,FIVN,2014-04-04,2026-09-29,NASDAQ,listed,2016-03-03,2026-02-20
2017,1301031,Demandware Inc,7371,cloud,DWRE,2016-01-04,2016-07-11,NYSE,delisted,2016-02-26,2016-02-26
2017,1311241,INTERMOLECULAR INC,3674,semis,IMI,2011-11-18,2019-09-20,NASDAQ,delisted,2016-03-28,2019-03-08
2017,1313275,BRIGHTCOVE INC,7374,cloud,BCOV,2012-02-17,2025-02-04,NASDAQ,delisted,2016-02-26,2024-02-22
2017,1314223,"Amber Road, Inc.",7372,cloud,AMBR,2014-03-21,2019-07-29,NASDAQ,delisted,2016-03-16,2019-03-05
2017,1316625,Silicon Graphics International Corp,3571,semis,SGI,2003-12-18,2026-09-29,NYSE,delisted,2016-09-02,2016-09-02
2017,1322554,Xactly Corp,7372,cloud,XTLY,2015-06-26,2017-08-17,NYSE,delisted,2016-04-20,2017-04-12
2017,1326801,"Meta Platforms, Inc.",7370,cloud,META,2012-05-18,2026-09-29,NASDAQ,listed,2016-01-28,2026-01-29
2017,1327688,OOMA INC,7374,cloud,OOMA,2015-07-17,2026-09-29,NYSE,listed,2016-04-13,2026-04-03
2017,1327811,"Workday, Inc.",7374,cloud,WDAY,2012-10-12,2026-09-29,NASDAQ,listed,2016-03-22,2026-03-06
2017,1330421,Bazaarvoice Inc,7372,cloud,BV,2012-02-24,2018-02-01,NYSE,delisted,2016-06-20,2017-06-16
2017,1340127,Carbonite Inc,7374,cloud,CARB,2011-08-11,2020-01-10,NASDAQ,delisted,2016-03-08,2019-02-28
2017,1341439,ORACLE CORP,7372,cloud,ORCL,1986-03-12,2026-09-29,NYSE,listed,2016-06-22,2026-06-22
2017,1356104,"Mellanox Technologies, Ltd.",3674,semis,MLNX,2007-02-08,2020-04-27,NASDAQ,delisted,2016-02-26,2020-02-20
2017,1364962,IMPERVA INC,7372,cloud,IMPV,2011-11-09,2019-01-10,NASDAQ,delisted,2016-02-26,2018-02-23
2017,1372612,BOX INC,7372,cloud,BOX,2015-01-23,2026-09-29,NYSE,listed,2016-03-30,2026-03-09
2017,1373715,"ServiceNow, Inc.",7372,cloud,NOW,2012-06-29,2026-09-29,NYSE,listed,2016-02-25,2026-01-29
2017,1375365,"Super Micro Computer, Inc.",3571,semis,SMCI,2007-03-29,2026-09-29,NASDAQ,listed,2016-08-26,2026-08-31
2017,1375557,"Guidance Software, Inc.",7372,cloud,GUID,2006-12-13,2017-09-14,NASDAQ,delisted,2016-02-25,2017-03-01
2017,1384905,"RingCentral, Inc.",7374,cloud,RNG,2013-09-27,2026-09-29,NYSE,listed,2016-02-29,2026-02-27
2017,1388133,ShoreTel Inc,3661,network,SHOR,2007-07-03,2017-09-25,NASDAQ,delisted,2016-09-12,2017-09-08
2017,1389002,MARIN SOFTWARE INC,7374,cloud,,,,,unmapped,2016-02-23,2024-02-23
2017,1393052,VEEVA SYSTEMS INC,7372,cloud,VEEV,2013-10-16,2026-09-29,NYSE,listed,2016-03-31,2026-03-20
2017,1397183,"Iveda Solutions, Inc.",7372,cloud,IVDA,2015-10-15,2026-09-29,NASDAQ,listed,2016-06-10,2026-03-31
2017,1407190,Violin Memory Inc,3572,semis,VMEM,2013-09-27,2016-10-27,NYSE,delisted,2016-04-06,2016-04-06
2017,1408278,"Synacor, Inc.",7370,cloud,SYNC,2012-02-13,2021-04-01,NASDAQ,delisted,2016-03-22,2021-03-31
2017,1410384,"Q2 Holdings, Inc.",7372,cloud,QTWO,2014-03-20,2026-09-29,NYSE,listed,2016-02-12,2026-02-11
2017,1418091,"TWITTER, INC.",7370,cloud,TWTR,2013-11-07,2022-10-28,NYSE,delisted,2016-02-29,2022-02-16
2017,1418175,DuPont Fabros Technology LP,6798,infra,DFT,2007-10-19,2017-09-28,NYSE,delisted,2016-02-19,2017-02-23
2017,1419951,Data Storage Corp,7374,cloud,DTST,2010-09-20,2026-09-29,NASDAQ,listed,2016-03-30,2026-04-14
2017,1420302,"LogMeIn, Inc.",7372,cloud,LOGM,2009-07-01,2020-08-31,NASDAQ,delisted,2016-02-19,2020-02-14
2017,1433195,APPFOLIO INC,7372,cloud,APPF,2015-06-26,2026-09-29,NASDAQ,listed,2016-02-29,2026-02-05
2017,1433269,Diligent Corp,7372,cloud,,,,,unmapped,2016-03-14,2016-03-14
2017,1433714,"CASTLIGHT HEALTH, INC.",7374,cloud,CSLT,2014-03-14,2022-02-17,NYSE,delisted,2016-03-10,2021-02-24
2017,1439404,ZYNGA INC,7374,cloud,ZNGA,2011-12-16,2022-09-08,NASDAQ,delisted,2016-02-19,2022-02-25
2017,1448056,"NEW RELIC, INC.",7372,cloud,NEWR,2014-12-12,2023-11-07,NYSE,delisted,2016-05-26,2023-05-23
2017,1449278,TUBEMOGUL INC,7372,cloud,TUBE,2016-01-04,2016-12-20,NASDAQ,delisted,2016-03-10,2016-03-10
2017,1453814,"Medidata Solutions, Inc.",7372,cloud,MDSO,2009-06-25,2019-10-28,NASDAQ,delisted,2016-02-29,2019-03-01
2017,1453883,"BULK STORAGE SOFTWARE, INC.",3572,semis,,,,,unmapped,2016-01-14,2016-01-14
2017,1462633,"Jive Software, Inc.",7374,cloud,,,,,unmapped,2016-02-29,2017-02-28
2017,1463172,"Zendesk, Inc.",7374,cloud,ZEN,2014-05-15,2022-11-21,NYSE,delisted,2016-02-26,2022-02-15
2017,1470099,"MOBILEIRON, INC.",7372,cloud,MOBL,2014-06-12,2020-12-01,NASDAQ,delisted,2016-02-23,2020-03-06
2017,1474432,"Everpure, Inc.",3572,semis,P,2015-10-07,2026-09-29,NYSE,listed,2016-03-25,2026-03-25
2017,1477200,Rocket Fuel Inc.,7370,cloud,FUEL,2013-09-20,2017-09-11,NASDAQ,delisted,2016-03-14,2017-03-16
2017,1482974,"Carter Validus Mission Critical REIT, Inc.",6798,infra,,,,,unmapped,2016-03-28,2019-03-22
2017,1490660,"Marketo, Inc.",7372,cloud,MKTO,2013-05-16,2016-08-17,NASDAQ,delisted,2016-03-04,2016-03-04
2017,1490892,CoreSite Realty Corp,6798,infra,COR,1995-04-04,2026-09-29,NYSE,delisted,2016-02-12,2021-02-05
2017,1505155,"Upland Software, Inc.",7372,cloud,UPLD,2014-11-06,2026-09-29,NASDAQ,listed,2016-03-30,2026-03-03
2017,1517228,"Vistance Networks, Inc.",3663,network,VISN,2013-10-25,2026-09-29,NASDAQ,listed,2016-02-19,2026-02-26
2017,1526160,Fleetmatics Group Ltd,7372,cloud,FLTX,2012-10-08,2016-11-15,NYSE,delisted,2016-02-26,2016-02-26
2017,1546392,Gawk Inc.,7370,cloud,,,,,unmapped,2016-05-24,2017-10-23
2017,1553023,CyrusOne Holdco LLC,6798,infra,CONE,2013-01-18,2022-03-25,NASDAQ,delisted,2016-02-26,2022-02-17
2017,1561164,"QualityTech, LP",6798,infra,QTS,2013-10-09,2021-08-31,NYSE,delisted,2016-02-29,2020-02-28
2017,1563699,Covisint Corp,7374,cloud,COVS,2013-09-26,2017-07-27,NASDAQ,delisted,2016-06-06,2017-06-05
2017,1565337,Textura Corp,7372,cloud,,,,,unmapped,2016-03-04,2016-03-04
2017,1567925,"Sila Realty Trust, Inc.",6798,infra,,,,,unmapped,2016-03-28,2026-02-25
2017,1571116,Truven Holding Corp.,7374,cloud,,,,,unmapped,2016-03-30,2016-03-30
2017,1575189,"Match Group Holdings II, LLC",7370,cloud,MTCH,2015-11-19,2026-09-29,NASDAQ,delisted,2016-03-28,2020-02-27
2017,1576169,"Benefitfocus, Inc.",7372,cloud,BNFT,2013-09-18,2023-01-24,NASDAQ,delisted,2016-02-25,2022-03-04
2017,1577966,"COPT DEFENSE PROPERTIES, L.P.",6798,infra,,,,,unmapped,2016-02-25,2021-02-12
2017,1580808,"A10 Networks, Inc.",3576,network,ATEN,2014-03-21,2026-09-29,NYSE,listed,2016-03-01,2026-02-25
2017,1590955,"Paycom Software, Inc.",7372,cloud,PAYC,2014-04-15,2026-09-29,NYSE,listed,2016-02-22,2026-02-19
2017,1591698,Paylocity Holding Corp,7372,cloud,PCTY,2014-03-19,2026-09-29,NASDAQ,listed,2016-08-12,2026-08-05
2017,1595974,"MAGNITE, INC.",7370,cloud,MGNI,2014-04-02,2026-09-29,NASDAQ,listed,2016-03-04,2026-02-25
2017,1596532,"Arista Networks, Inc.",3576,network,ANET,2014-06-06,2026-09-29,NYSE,listed,2016-02-25,2026-02-17
2017,1609711,GoDaddy Inc.,7373,cloud,GDDY,2015-04-01,2026-09-29,NYSE,listed,2016-03-03,2026-02-25
2017,1610532,"Hortonworks, Inc.",7372,cloud,HDP,2014-12-12,2019-01-03,NASDAQ,delisted,2016-03-15,2018-03-15
2017,1633978,Lumentum Holdings Inc.,3669,network,LITE,2015-08-04,2026-09-29,NASDAQ,listed,2016-09-02,2026-08-17
2017,1641129,"LookSmart Group, Inc.",7374,cloud,,,,,unmapped,2016-04-14,2016-04-14
2017,1645590,Hewlett Packard Enterprise Co,3570,semis,HPE,2015-10-19,2026-09-29,NYSE,listed,2016-12-15,2025-12-18
2017,1649338,Broadcom Pte. Ltd.,3674,semis,AVGO,2009-08-06,2026-09-29,NASDAQ,delisted,2016-12-23,2017-12-21
2017,1667313,"Zedge, Inc.",7372,cloud,ZDGE,2016-05-26,2026-09-29,AMEX,listed,2016-10-26,2025-10-28
2018,2488,ADVANCED MICRO DEVICES INC,3674,semis,AMD,1983-03-21,2026-09-29,NASDAQ,listed,2017-02-21,2026-02-04
2018,23082,COMPUTER SCIENCES CORP,7373,cloud,DXC,2017-02-01,2026-09-29,NYSE,delisted,2017-05-26,2017-05-26
2018,50863,INTEL CORP,3674,semis,INTC,1980-03-17,2026-09-29,NASDAQ,listed,2017-02-17,2026-01-23
2018,51143,INTERNATIONAL BUSINESS MACHINES CORP,3570,semis,IBM,1962-01-02,2026-09-29,NYSE,listed,2017-02-28,2026-02-24
2018,106040,WESTERN DIGITAL CORP,3572,semis,WDC,1987-01-02,2026-09-29,NASDAQ,listed,2017-08-29,2026-08-14
2018,310568,MICROSEMI CORP,3674,semis,MSCC,1990-03-26,2018-05-29,NASDAQ,delisted,2017-11-14,2017-11-14
2018,733269,"LiveRamp Holdings, Inc.",7374,cloud,RAMP,2018-08-01,2026-09-29,NYSE,listed,2017-05-26,2026-05-21
2018,740664,R F INDUSTRIES LTD,3678,semis,RFIL,1997-05-28,2026-09-29,NASDAQ,listed,2017-01-27,2026-01-14
2018,743316,MAXIM INTEGRATED PRODUCTS INC,3674,semis,MXIM,1990-03-26,2021-09-01,NASDAQ,delisted,2017-08-11,2021-08-20
2018,743988,XILINX INC,3674,semis,XLNX,1990-06-18,2022-02-14,NASDAQ,delisted,2017-05-15,2021-05-14
2018,751978,VICOR CORP,3679,semis,VICR,1991-11-27,2026-09-29,NASDAQ,listed,2017-03-07,2026-03-02
2018,789019,MICROSOFT CORP,7372,cloud,MSFT,1986-03-13,2026-09-29,NASDAQ,listed,2017-08-02,2026-07-29
2018,796343,ADOBE INC.,7372,cloud,ADBE,1986-08-14,2026-09-29,NASDAQ,listed,2017-01-20,2026-01-15
2018,804328,QUALCOMM INC/DE,3663,network,QCOM,1991-12-16,2026-09-29,NASDAQ,listed,2017-11-01,2025-11-05
2018,804753,CERNER Corp,7373,cloud,CERN,1990-03-26,2022-09-08,NASDAQ,delisted,2017-02-10,2022-02-22
2018,807863,MITEK SYSTEMS INC,3577,semis,MITK,1995-05-26,2026-09-29,NASDAQ,listed,2017-11-30,2025-12-11
2018,855612,ZIX CORP,7374,cloud,ZIXI,1989-11-10,2021-12-23,NASDAQ,delisted,2017-03-06,2021-03-05
2018,858877,"CISCO SYSTEMS, INC.",3576,network,CSCO,1990-03-26,2026-09-29,NASDAQ,listed,2017-09-07,2026-09-02
2018,873044,RADISYS CORP,3577,semis,RSYS,1995-10-20,2018-12-11,NASDAQ,delisted,2017-03-01,2018-02-28
2018,887969,MRV COMMUNICATIONS INC,3674,semis,,,,,unmapped,2017-03-09,2017-03-09
2018,890264,EXA CORP,7372,cloud,,,,,unmapped,2017-03-22,2017-03-22
2018,890394,Peraso Inc.,3674,semis,PRSO,2001-06-28,2026-09-29,NASDAQ,listed,2017-03-30,2026-03-30
2018,896878,INTUIT INC.,7372,cloud,INTU,1993-03-22,2026-09-29,NASDAQ,listed,2017-09-01,2026-09-09
2018,917273,RAMBUS INC,3674,semis,RMBS,1997-05-14,2026-09-29,NASDAQ,listed,2017-02-17,2026-02-18
2018,936395,CIENA CORP,3661,network,CIEN,1997-02-07,2026-09-29,NYSE,listed,2017-12-22,2025-12-12
2018,949158,CRAY INC,3571,semis,CRAY,1995-09-27,2019-09-25,NASDAQ,delisted,2017-02-10,2019-02-12
2018,1002047,"NetApp, Inc.",3572,semis,NTAP,1995-11-21,2026-09-29,NASDAQ,listed,2017-06-20,2026-06-05
2018,1002517,"Nuance Communications, Inc.",7372,cloud,NUAN,1995-12-11,2022-03-04,NASDAQ,delisted,2017-11-29,2021-11-18
2018,1013237,FACTSET RESEARCH SYSTEMS INC,7370,cloud,FDS,1996-06-28,2026-09-29,NYSE,listed,2017-10-30,2025-10-22
2018,1013462,ANSYS INC,7372,cloud,ANSS,1996-06-21,2026-09-29,NASDAQ,delisted,2017-02-23,2025-02-19
2018,1014473,VERISIGN INC/CA,7371,cloud,VRSN,1998-01-30,2026-09-29,NASDAQ,listed,2017-02-17,2026-02-05
2018,1016125,ULTIMATE SOFTWARE GROUP INC,7372,cloud,ULTI,1998-06-17,2019-05-03,NASDAQ,delisted,2017-02-24,2019-03-01
2018,1043604,JUNIPER NETWORKS INC,3576,network,JNPR,1999-06-25,2025-07-02,NYSE,delisted,2017-02-24,2025-02-21
2018,1045810,NVIDIA CORP,3674,semis,NVDA,1999-01-22,2026-09-29,NASDAQ,listed,2017-03-01,2026-02-25
2018,1048695,"F5, INC.",3576,network,FFIV,1999-06-04,2026-09-29,NASDAQ,listed,2017-11-03,2025-11-25
2018,1056386,Internap Corp,7370,cloud,INAPQ,1999-09-29,2020-04-30,NASDAQ,delisted,2017-03-13,2020-05-08
2018,1078271,EXTREME NETWORKS INC,3576,network,EXTR,1999-04-09,2026-09-29,NASDAQ,listed,2017-09-13,2026-08-17
2018,1081745,"INTELLINETICS, INC.",7372,cloud,INLX,2015-03-10,2026-09-29,AMEX,listed,2017-03-30,2026-03-30
2018,1095291,"WEB.COM GROUP, INC.",7372,cloud,WEB,2015-11-10,2018-10-11,NASDAQ,delisted,2017-02-28,2018-02-23
2018,1101239,EQUINIX INC,6798,infra,EQIX,2000-08-11,2026-09-29,NASDAQ,listed,2017-02-27,2026-02-11
2018,1107843,"QUALYS, INC.",7372,cloud,QLYS,2012-09-28,2026-09-29,NASDAQ,listed,2017-02-24,2026-02-20
2018,1108524,"Salesforce, Inc.",7372,cloud,CRM,2004-06-23,2026-09-29,NYSE,listed,2017-03-06,2026-03-02
2018,1110647,"OCLARO, INC.",3674,semis,OCLR,2000-04-11,2018-12-10,NASDAQ,delisted,2017-08-18,2018-08-23
2018,1118417,"MODEL N, INC.",7370,cloud,MODN,2013-03-20,2024-06-27,NYSE,delisted,2017-11-15,2023-11-17
2018,1122388,ELLIE MAE INC,7372,cloud,ELLI,2011-04-15,2019-04-17,NYSE,delisted,2017-02-22,2019-03-01
2018,1124610,VMWARE LLC,7372,cloud,VMW,2007-08-15,2023-11-22,NYSE,delisted,2017-02-24,2023-03-28
2018,1137789,Seagate Technology Holdings plc,3572,semis,STX,2002-12-11,2026-09-29,NASDAQ,listed,2017-08-04,2026-08-04
2018,1158114,"APPLIED OPTOELECTRONICS, INC.",3674,semis,AAOI,2013-09-26,2026-09-29,NASDAQ,listed,2017-03-09,2026-02-26
2018,1160958,INPHI Corp,3674,semis,IPHI,2010-11-12,2021-04-20,NYSE,delisted,2017-03-01,2021-02-25
2018,1169652,CHANNELADVISOR CORP,7372,cloud,ECOM,2013-05-23,2022-11-15,NYSE,delisted,2017-02-16,2022-02-10
2018,1173489,CEVA INC,3674,semis,CEVA,2002-11-01,2026-09-29,NASDAQ,listed,2017-03-10,2026-02-27
2018,1175609,"CAVIUM, INC.",3674,semis,CAVM,2007-05-02,2018-07-09,NASDAQ,delisted,2017-02-28,2018-03-01
2018,1211759,CONNECTURE INC,7372,cloud,CNXR,2014-12-12,2018-04-27,NASDAQ,delisted,2017-03-31,2018-04-02
2018,1212458,PROOFPOINT INC,7374,cloud,PFPT,2012-04-20,2021-08-31,NASDAQ,delisted,2017-02-23,2021-02-19
2018,1227025,NEOPHOTONICS CORP,3674,semis,NPTN,2011-02-02,2022-08-03,NYSE,delisted,2017-03-16,2022-02-25
2018,1237746,"Endurance International Group Holdings, Inc.",7372,cloud,EIGI,2013-10-25,2021-02-10,NASDAQ,delisted,2017-02-24,2020-02-14
2018,1282631,NETLIST INC,3674,semis,,,,,unmapped,2017-03-31,2026-03-19
2018,1286225,"RealPage, Inc.",7372,cloud,RP,2010-08-12,2021-04-22,NASDAQ,delisted,2017-03-01,2021-03-01
2018,1288469,"MAXLINEAR, INC",3674,semis,MXL,2010-03-24,2026-09-29,NASDAQ,listed,2017-02-09,2026-01-29
2018,1288847,"Five9, Inc.",7374,cloud,FIVN,2014-04-04,2026-09-29,NASDAQ,listed,2017-02-28,2026-02-20
2018,1311241,INTERMOLECULAR INC,3674,semis,IMI,2011-11-18,2019-09-20,NASDAQ,delisted,2017-03-03,2019-03-08
2018,1313275,BRIGHTCOVE INC,7374,cloud,BCOV,2012-02-17,2025-02-04,NASDAQ,delisted,2017-02-21,2024-02-22
2018,1314223,"Amber Road, Inc.",7372,cloud,AMBR,2014-03-21,2019-07-29,NASDAQ,delisted,2017-03-10,2019-03-05
2018,1322554,Xactly Corp,7372,cloud,XTLY,2015-06-26,2017-08-17,NYSE,delisted,2017-04-12,2017-04-12
2018,1326801,"Meta Platforms, Inc.",7370,cloud,META,2012-05-18,2026-09-29,NASDAQ,listed,2017-02-03,2026-01-29
2018,1327688,OOMA INC,7374,cloud,OOMA,2015-07-17,2026-09-29,NYSE,listed,2017-04-11,2026-04-03
2018,1327811,"Workday, Inc.",7374,cloud,WDAY,2012-10-12,2026-09-29,NASDAQ,listed,2017-03-20,2026-03-06
2018,1330421,Bazaarvoice Inc,7372,cloud,BV,2012-02-24,2018-02-01,NYSE,delisted,2017-06-16,2017-06-16
2018,1340127,Carbonite Inc,7374,cloud,CARB,2011-08-11,2020-01-10,NASDAQ,delisted,2017-03-16,2019-02-28
2018,1341439,ORACLE CORP,7372,cloud,ORCL,1986-03-12,2026-09-29,NYSE,listed,2017-06-27,2026-06-22
2018,1348334,BARRACUDA NETWORKS INC,3577,semis,CUDA,2013-11-06,2018-02-12,NYSE,delisted,2017-05-15,2017-05-15
2018,1353283,SPLUNK INC,7372,cloud,SPLK,2012-04-19,2026-09-29,NASDAQ,delisted,2017-03-29,2023-03-23
2018,1356104,"Mellanox Technologies, Ltd.",3674,semis,MLNX,2007-02-08,2020-04-27,NASDAQ,delisted,2017-02-17,2020-02-20
2018,1364962,IMPERVA INC,7372,cloud,IMPV,2011-11-09,2019-01-10,NASDAQ,delisted,2017-02-27,2018-02-23
2018,1372612,BOX INC,7372,cloud,BOX,2015-01-23,2026-09-29,NYSE,listed,2017-03-24,2026-03-09
2018,1373715,"ServiceNow, Inc.",7372,cloud,NOW,2012-06-29,2026-09-29,NYSE,listed,2017-02-28,2026-01-29
2018,1375557,"Guidance Software, Inc.",7372,cloud,GUID,2006-12-13,2017-09-14,NASDAQ,delisted,2017-03-01,2017-03-01
2018,1384905,"RingCentral, Inc.",7374,cloud,RNG,2013-09-27,2026-09-29,NYSE,listed,2017-02-28,2026-02-27
2018,1388133,ShoreTel Inc,3661,network,SHOR,2007-07-03,2017-09-25,NASDAQ,delisted,2017-09-08,2017-09-08
2018,1389002,MARIN SOFTWARE INC,7374,cloud,,,,,unmapped,2017-03-01,2024-02-23
2018,1392972,"PROS Holdings, Inc.",7371,cloud,PRO,2007-07-26,2025-12-08,NYSE,delisted,2017-02-15,2025-02-12
2018,1393052,VEEVA SYSTEMS INC,7372,cloud,VEEV,2013-10-16,2026-09-29,NYSE,listed,2017-03-30,2026-03-20
2018,1396536,"DUOS TECHNOLOGIES GROUP, INC.",7372,cloud,DUOT,2015-04-10,2026-09-29,NASDAQ,listed,2017-03-30,2026-03-31
2018,1401680,Cornerstone OnDemand Inc,7372,cloud,CSOD,2011-03-17,2021-10-15,NASDAQ,delisted,2017-02-24,2021-02-22
2018,1408278,"Synacor, Inc.",7370,cloud,SYNC,2012-02-13,2021-04-01,NASDAQ,delisted,2017-03-22,2021-03-31
2018,1410384,"Q2 Holdings, Inc.",7372,cloud,QTWO,2014-03-20,2026-09-29,NYSE,listed,2017-02-21,2026-02-11
2018,1418091,"TWITTER, INC.",7370,cloud,TWTR,2013-11-07,2022-10-28,NYSE,delisted,2017-02-27,2022-02-16
2018,1418175,DuPont Fabros Technology LP,6798,infra,DFT,2007-10-19,2017-09-28,NYSE,delisted,2017-02-23,2017-02-23
2018,1419625,Apptio Inc,7372,cloud,APTI,2016-09-23,2019-01-10,NASDAQ,delisted,2017-02-17,2018-02-21
2018,1419951,Data Storage Corp,7374,cloud,DTST,2010-09-20,2026-09-29,NASDAQ,listed,2017-04-18,2026-04-14
2018,1420302,"LogMeIn, Inc.",7372,cloud,LOGM,2009-07-01,2020-08-31,NASDAQ,delisted,2017-03-01,2020-02-14
2018,1433195,APPFOLIO INC,7372,cloud,APPF,2015-06-26,2026-09-29,NASDAQ,listed,2017-02-27,2026-02-05
2018,1433714,"CASTLIGHT HEALTH, INC.",7374,cloud,CSLT,2014-03-14,2022-02-17,NYSE,delisted,2017-03-01,2021-02-24
2018,1437352,"EVERBRIDGE, INC.",7372,cloud,EVBG,2016-09-16,2026-09-29,NASDAQ,delisted,2017-03-23,2024-02-27
2018,1439404,ZYNGA INC,7374,cloud,ZNGA,2011-12-16,2022-09-08,NASDAQ,delisted,2017-02-17,2022-02-25
2018,1448056,"NEW RELIC, INC.",7372,cloud,NEWR,2014-12-12,2023-11-07,NYSE,delisted,2017-05-18,2023-05-23
2018,1453814,"Medidata Solutions, Inc.",7372,cloud,MDSO,2009-06-25,2019-10-28,NASDAQ,delisted,2017-02-28,2019-03-01
2018,1458962,"MINDBODY, Inc.",7374,cloud,MB,2015-06-19,2019-02-15,NASDAQ,delisted,2017-03-01,2018-03-01
2018,1462633,"Jive Software, Inc.",7374,cloud,,,,,unmapped,2017-02-28,2017-02-28
2018,1463172,"Zendesk, Inc.",7374,cloud,ZEN,2014-05-15,2022-11-21,NYSE,delisted,2017-02-27,2022-02-15
2018,1468666,SecureWorks Corp,7372,cloud,SCWX,2016-04-22,2025-02-03,NASDAQ,delisted,2017-03-29,2024-03-22
2018,1470099,"MOBILEIRON, INC.",7372,cloud,MOBL,2014-06-12,2020-12-01,NASDAQ,delisted,2017-02-14,2020-03-06
2018,1474432,"Everpure, Inc.",3572,semis,P,2015-10-07,2026-09-29,NYSE,listed,2017-03-29,2026-03-25
2018,1477200,Rocket Fuel Inc.,7370,cloud,FUEL,2013-09-20,2017-09-11,NASDAQ,delisted,2017-03-16,2017-03-16
2018,1482974,"Carter Validus Mission Critical REIT, Inc.",6798,infra,,,,,unmapped,2017-03-30,2019-03-22
2018,1490892,CoreSite Realty Corp,6798,infra,COR,1995-04-04,2026-09-29,NYSE,delisted,2017-02-10,2021-02-05
2018,1493594,"MACOM Technology Solutions Holdings, Inc.",3674,semis,MTSI,2012-03-15,2026-09-29,NASDAQ,listed,2017-11-15,2025-11-14
2018,1505155,"Upland Software, Inc.",7372,cloud,UPLD,2014-11-06,2026-09-29,NASDAQ,listed,2017-03-30,2026-03-03
2018,1506439,"SharpSpring, Inc.",7372,cloud,SHSP,2015-12-02,2021-09-01,NASDAQ,delisted,2017-03-31,2021-03-30
2018,1512673,"Block, Inc.",7372,cloud,XYZ,2015-11-19,2026-09-29,NYSE,listed,2017-02-27,2026-02-26
2018,1517228,"Vistance Networks, Inc.",3663,network,VISN,2013-10-25,2026-09-29,NASDAQ,listed,2017-02-23,2026-02-26
2018,1546392,Gawk Inc.,7370,cloud,,,,,unmapped,2017-10-23,2017-10-23
2018,1549346,"Shutterstock, Inc.",7374,cloud,SSTK,2012-10-11,2026-09-29,NYSE,listed,2017-02-27,2026-02-17
2018,1553023,CyrusOne Holdco LLC,6798,infra,CONE,2013-01-18,2022-03-25,NASDAQ,delisted,2017-02-24,2022-02-17
2018,1561164,"QualityTech, LP",6798,infra,QTS,2013-10-09,2021-08-31,NYSE,delisted,2017-03-01,2020-02-28
2018,1563699,Covisint Corp,7374,cloud,COVS,2013-09-26,2017-07-27,NASDAQ,delisted,2017-06-05,2017-06-05
2018,1567925,"Sila Realty Trust, Inc.",6798,infra,,,,,unmapped,2017-03-16,2026-02-25
2018,1571996,Dell Technologies Inc.,3571,semis,DELL,2018-12-21,2026-09-29,NYSE,listed,2017-03-31,2026-03-16
2018,1575189,"Match Group Holdings II, LLC",7370,cloud,MTCH,2015-11-19,2026-09-29,NASDAQ,delisted,2017-02-28,2020-02-27
2018,1576169,"Benefitfocus, Inc.",7372,cloud,BNFT,2013-09-18,2023-01-24,NASDAQ,delisted,2017-02-24,2022-03-04
2018,1577966,"COPT DEFENSE PROPERTIES, L.P.",6798,infra,,,,,unmapped,2017-02-17,2021-02-12
2018,1580808,"A10 Networks, Inc.",3576,network,ATEN,2014-03-21,2026-09-29,NYSE,listed,2017-02-24,2026-02-25
2018,1590955,"Paycom Software, Inc.",7372,cloud,PAYC,2014-04-15,2026-09-29,NYSE,listed,2017-02-21,2026-02-19
2018,1591698,Paylocity Holding Corp,7372,cloud,PCTY,2014-03-19,2026-09-29,NASDAQ,listed,2017-08-11,2026-08-05
2018,1595974,"MAGNITE, INC.",7370,cloud,MGNI,2014-04-02,2026-09-29,NASDAQ,listed,2017-03-15,2026-02-25
2018,1596532,"Arista Networks, Inc.",3576,network,ANET,2014-06-06,2026-09-29,NYSE,listed,2017-02-17,2026-02-17
2018,1609711,GoDaddy Inc.,7373,cloud,GDDY,2015-04-01,2026-09-29,NYSE,listed,2017-02-28,2026-02-25
2018,1610532,"Hortonworks, Inc.",7372,cloud,HDP,2014-12-12,2019-01-03,NASDAQ,delisted,2017-03-15,2018-03-15
2018,1619227,"Cloudweb, Inc.",7370,cloud,,,,,unmapped,2017-04-25,2026-04-15
2018,1619954,"Inovalon Holdings, Inc.",7374,cloud,INOV,2015-02-12,2021-11-24,NASDAQ,delisted,2017-02-23,2021-02-17
2018,1633978,Lumentum Holdings Inc.,3669,network,LITE,2015-08-04,2026-09-29,NASDAQ,listed,2017-08-29,2026-08-17
2018,1645590,Hewlett Packard Enterprise Co,3570,semis,HPE,2015-10-19,2026-09-29,NYSE,listed,2017-12-15,2025-12-18
2018,1649338,Broadcom Pte. Ltd.,3674,semis,AVGO,2009-08-06,2026-09-29,NASDAQ,delisted,2017-12-21,2017-12-21
2018,1651235,"Acacia Communications, Inc.",3674,semis,ACIA,2016-05-13,2021-03-01,NASDAQ,delisted,2017-02-23,2021-03-01
2018,1652044,Alphabet Inc.,7370,cloud,GOOGL,2004-08-19,2026-09-29,NASDAQ,listed,2017-02-03,2026-02-05
2018,1665658,"CommerceHub, Inc.",7372,cloud,CHUBA,2016-07-22,2018-05-21,NASDAQ,delisted,2017-03-07,2018-03-01
2018,1666134,"BLACKLINE, INC.",7372,cloud,BL,2016-10-28,2026-09-29,NASDAQ,listed,2017-03-10,2026-02-26
2018,1681622,Varex Imaging Corp,3679,semis,VREX,2017-01-20,2026-09-29,NASDAQ,listed,2017-12-13,2025-11-18
2018,1687999,"EMR Technology Solutions, Inc.",7372,cloud,,,,,unmapped,2017-03-23,2021-09-07
2019,2488,ADVANCED MICRO DEVICES INC,3674,semis,AMD,1983-03-21,2026-09-29,NASDAQ,listed,2018-02-27,2026-02-04
2019,50863,INTEL CORP,3674,semis,INTC,1980-03-17,2026-09-29,NASDAQ,listed,2018-02-16,2026-01-23
2019,51143,INTERNATIONAL BUSINESS MACHINES CORP,3570,semis,IBM,1962-01-02,2026-09-29,NYSE,listed,2018-02-27,2026-02-24
2019,106040,WESTERN DIGITAL CORP,3572,semis,WDC,1987-01-02,2026-09-29,NASDAQ,listed,2018-08-24,2026-08-14
2019,320340,CoreCard Corp,7372,cloud,CCRD,1995-08-18,2025-10-30,NYSE,delisted,2018-03-15,2025-02-28
2019,713425,"LOGILITY SUPPLY CHAIN SOLUTIONS, INC",7372,cloud,AMSWA,1984-09-07,2024-10-01,NASDAQ,delisted,2018-07-13,2024-07-01
2019,723125,MICRON TECHNOLOGY INC,3674,semis,MU,1989-05-16,2026-09-29,NASDAQ,listed,2018-10-15,2025-10-03
2019,733269,"LiveRamp Holdings, Inc.",7374,cloud,RAMP,2018-08-01,2026-09-29,NYSE,listed,2018-05-25,2026-05-21
2019,743988,XILINX INC,3674,semis,XLNX,1990-06-18,2022-02-14,NASDAQ,delisted,2018-05-15,2021-05-14
2019,751978,VICOR CORP,3679,semis,VICR,1991-11-27,2026-09-29,NASDAQ,listed,2018-03-09,2026-03-02
2019,789019,MICROSOFT CORP,7372,cloud,MSFT,1986-03-13,2026-09-29,NASDAQ,listed,2018-08-03,2026-07-29
2019,796343,ADOBE INC.,7372,cloud,ADBE,1986-08-14,2026-09-29,NASDAQ,listed,2018-01-22,2026-01-15
2019,804328,QUALCOMM INC/DE,3663,network,QCOM,1991-12-16,2026-09-29,NASDAQ,listed,2018-11-07,2025-11-05
2019,804753,CERNER Corp,7373,cloud,CERN,1990-03-26,2022-09-08,NASDAQ,delisted,2018-02-12,2022-02-22
2019,807863,MITEK SYSTEMS INC,3577,semis,MITK,1995-05-26,2026-09-29,NASDAQ,listed,2018-12-14,2025-12-11
2019,855612,ZIX CORP,7374,cloud,ZIXI,1989-11-10,2021-12-23,NASDAQ,delisted,2018-03-07,2021-03-05
2019,858877,"CISCO SYSTEMS, INC.",3576,network,CSCO,1990-03-26,2026-09-29,NASDAQ,listed,2018-09-06,2026-09-02
2019,873044,RADISYS CORP,3577,semis,RSYS,1995-10-20,2018-12-11,NASDAQ,delisted,2018-02-28,2018-02-28
2019,890394,Peraso Inc.,3674,semis,PRSO,2001-06-28,2026-09-29,NASDAQ,listed,2018-03-12,2026-03-30
2019,896878,INTUIT INC.,7372,cloud,INTU,1993-03-22,2026-09-29,NASDAQ,listed,2018-08-31,2026-09-09
2019,917273,RAMBUS INC,3674,semis,RMBS,1997-05-14,2026-09-29,NASDAQ,listed,2018-02-23,2026-02-18
2019,936395,CIENA CORP,3661,network,CIEN,1997-02-07,2026-09-29,NYSE,listed,2018-12-21,2025-12-12
2019,949158,CRAY INC,3571,semis,CRAY,1995-09-27,2019-09-25,NASDAQ,delisted,2018-02-15,2019-02-12
2019,1002047,"NetApp, Inc.",3572,semis,NTAP,1995-11-21,2026-09-29,NASDAQ,listed,2018-06-19,2026-06-05
2019,1005757,CSG SYSTEMS INTERNATIONAL INC,7374,cloud,CSGS,1996-02-28,2026-05-14,NASDAQ,delisted,2018-02-23,2026-02-19
2019,1013237,FACTSET RESEARCH SYSTEMS INC,7370,cloud,FDS,1996-06-28,2026-09-29,NYSE,listed,2018-10-30,2025-10-22
2019,1013462,ANSYS INC,7372,cloud,ANSS,1996-06-21,2026-09-29,NASDAQ,delisted,2018-02-22,2025-02-19
2019,1014473,VERISIGN INC/CA,7371,cloud,VRSN,1998-01-30,2026-09-29,NASDAQ,listed,2018-02-16,2026-02-05
2019,1016125,ULTIMATE SOFTWARE GROUP INC,7372,cloud,ULTI,1998-06-17,2019-05-03,NASDAQ,delisted,2018-02-26,2019-03-01
2019,1020569,IRON MOUNTAIN INC,6798,infra,IRM,1996-02-01,2026-09-29,NYSE,listed,2018-02-16,2026-02-12
2019,1023459,"Simulations Plus, Inc.",7373,cloud,SLP,1997-06-19,2026-09-29,NASDAQ,listed,2018-11-14,2025-12-01
2019,1035748,CALLIDUS SOFTWARE INC,7371,cloud,CALD,2003-11-20,2018-04-16,NASDAQ,delisted,2018-02-28,2018-02-28
2019,1043604,JUNIPER NETWORKS INC,3576,network,JNPR,1999-06-25,2025-07-02,NYSE,delisted,2018-02-23,2025-02-21
2019,1045810,NVIDIA CORP,3674,semis,NVDA,1999-01-22,2026-09-29,NASDAQ,listed,2018-02-28,2026-02-25
2019,1048695,"F5, INC.",3576,network,FFIV,1999-06-04,2026-09-29,NASDAQ,listed,2018-11-21,2025-11-25
2019,1056386,Internap Corp,7370,cloud,INAPQ,1999-09-29,2020-04-30,NASDAQ,delisted,2018-03-15,2020-05-08
2019,1066194,EGAIN Corp,7372,cloud,EGAN,1999-09-23,2026-09-29,NASDAQ,listed,2018-09-13,2026-09-10
2019,1078271,EXTREME NETWORKS INC,3576,network,EXTR,1999-04-09,2026-09-29,NASDAQ,listed,2018-08-29,2026-08-17
2019,1081745,"INTELLINETICS, INC.",7372,cloud,INLX,2015-03-10,2026-09-29,AMEX,listed,2018-04-02,2026-03-30
2019,1101239,EQUINIX INC,6798,infra,EQIX,2000-08-11,2026-09-29,NASDAQ,listed,2018-02-26,2026-02-11
2019,1107843,"QUALYS, INC.",7372,cloud,QLYS,2012-09-28,2026-09-29,NASDAQ,listed,2018-02-23,2026-02-20
2019,1108524,"Salesforce, Inc.",7372,cloud,CRM,2004-06-23,2026-09-29,NYSE,listed,2018-03-09,2026-03-02
2019,1110647,"OCLARO, INC.",3674,semis,OCLR,2000-04-11,2018-12-10,NASDAQ,delisted,2018-08-23,2018-08-23
2019,1122388,ELLIE MAE INC,7372,cloud,ELLI,2011-04-15,2019-04-17,NYSE,delisted,2018-03-01,2019-03-01
2019,1124610,VMWARE LLC,7372,cloud,VMW,2007-08-15,2023-11-22,NYSE,delisted,2018-03-29,2023-03-28
2019,1137789,Seagate Technology Holdings plc,3572,semis,STX,2002-12-11,2026-09-29,NASDAQ,listed,2018-08-03,2026-08-04
2019,1158114,"APPLIED OPTOELECTRONICS, INC.",3674,semis,AAOI,2013-09-26,2026-09-29,NASDAQ,listed,2018-02-28,2026-02-26
2019,1160958,INPHI Corp,3674,semis,IPHI,2010-11-12,2021-04-20,NYSE,delisted,2018-02-28,2021-02-25
2019,1169561,COMMVAULT SYSTEMS INC,7372,cloud,CVLT,2006-09-22,2026-09-29,NASDAQ,listed,2018-05-03,2026-05-11
2019,1169652,CHANNELADVISOR CORP,7372,cloud,ECOM,2013-05-23,2022-11-15,NYSE,delisted,2018-02-13,2022-02-10
2019,1173489,CEVA INC,3674,semis,CEVA,2002-11-01,2026-09-29,NASDAQ,listed,2018-03-01,2026-02-27
2019,1175609,"CAVIUM, INC.",3674,semis,CAVM,2007-05-02,2018-07-09,NASDAQ,delisted,2018-03-01,2018-03-01
2019,1212458,PROOFPOINT INC,7374,cloud,PFPT,2012-04-20,2021-08-31,NASDAQ,delisted,2018-02-23,2021-02-19
2019,1227025,NEOPHOTONICS CORP,3674,semis,NPTN,2011-02-02,2022-08-03,NYSE,delisted,2018-03-09,2022-02-25
2019,1237746,"Endurance International Group Holdings, Inc.",7372,cloud,EIGI,2013-10-25,2021-02-10,NASDAQ,delisted,2018-02-22,2020-02-14
2019,1282631,NETLIST INC,3674,semis,,,,,unmapped,2018-03-30,2026-03-19
2019,1286225,"RealPage, Inc.",7372,cloud,RP,2010-08-12,2021-04-22,NASDAQ,delisted,2018-03-01,2021-03-01
2019,1288469,"MAXLINEAR, INC",3674,semis,MXL,2010-03-24,2026-09-29,NASDAQ,listed,2018-02-20,2026-01-29
2019,1288847,"Five9, Inc.",7374,cloud,FIVN,2014-04-04,2026-09-29,NASDAQ,listed,2018-03-01,2026-02-20
2019,1311241,INTERMOLECULAR INC,3674,semis,IMI,2011-11-18,2019-09-20,NASDAQ,delisted,2018-03-02,2019-03-08
2019,1313275,BRIGHTCOVE INC,7374,cloud,BCOV,2012-02-17,2025-02-04,NASDAQ,delisted,2018-02-28,2024-02-22
2019,1314223,"Amber Road, Inc.",7372,cloud,AMBR,2014-03-21,2019-07-29,NASDAQ,delisted,2018-03-09,2019-03-05
2019,1316016,AQUANTIA CORP,3674,semis,AQ,2017-11-03,2019-10-14,NYSE,delisted,2018-03-07,2019-03-06
2019,1326801,"Meta Platforms, Inc.",7370,cloud,META,2012-05-18,2026-09-29,NASDAQ,listed,2018-02-01,2026-01-29
2019,1327688,OOMA INC,7374,cloud,OOMA,2015-07-17,2026-09-29,NYSE,listed,2018-04-02,2026-04-03
2019,1327811,"Workday, Inc.",7374,cloud,WDAY,2012-10-12,2026-09-29,NASDAQ,listed,2018-03-14,2026-03-06
2019,1340127,Carbonite Inc,7374,cloud,CARB,2011-08-11,2020-01-10,NASDAQ,delisted,2018-03-12,2019-02-28
2019,1341439,ORACLE CORP,7372,cloud,ORCL,1986-03-12,2026-09-29,NYSE,listed,2018-06-22,2026-06-22
2019,1353283,SPLUNK INC,7372,cloud,SPLK,2012-04-19,2026-09-29,NASDAQ,delisted,2018-03-30,2023-03-23
2019,1356104,"Mellanox Technologies, Ltd.",3674,semis,MLNX,2007-02-08,2020-04-27,NASDAQ,delisted,2018-02-16,2020-02-20
2019,1364962,IMPERVA INC,7372,cloud,IMPV,2011-11-09,2019-01-10,NASDAQ,delisted,2018-02-23,2018-02-23
2019,1372612,BOX INC,7372,cloud,BOX,2015-01-23,2026-09-29,NYSE,listed,2018-03-22,2026-03-09
2019,1373715,"ServiceNow, Inc.",7372,cloud,NOW,2012-06-29,2026-09-29,NYSE,listed,2018-02-28,2026-01-29
2019,1384905,"RingCentral, Inc.",7374,cloud,RNG,2013-09-27,2026-09-29,NYSE,listed,2018-02-26,2026-02-27
2019,1389002,MARIN SOFTWARE INC,7374,cloud,,,,,unmapped,2018-03-01,2024-02-23
2019,1392972,"PROS Holdings, Inc.",7371,cloud,PRO,2007-07-26,2025-12-08,NYSE,delisted,2018-02-15,2025-02-12
2019,1394056,"ONE STOP SYSTEMS, INC.",3571,semis,OSS,2018-02-01,2026-09-29,NASDAQ,listed,2018-03-21,2026-03-18
2019,1396536,"DUOS TECHNOLOGIES GROUP, INC.",7372,cloud,DUOT,2015-04-10,2026-09-29,NASDAQ,listed,2018-04-02,2026-03-31
2019,1401680,Cornerstone OnDemand Inc,7372,cloud,CSOD,2011-03-17,2021-10-15,NASDAQ,delisted,2018-02-27,2021-02-22
2019,1408278,"Synacor, Inc.",7370,cloud,SYNC,2012-02-13,2021-04-01,NASDAQ,delisted,2018-03-16,2021-03-31
2019,1410384,"Q2 Holdings, Inc.",7372,cloud,QTWO,2014-03-20,2026-09-29,NYSE,listed,2018-02-16,2026-02-11
2019,1418091,"TWITTER, INC.",7370,cloud,TWTR,2013-11-07,2022-10-28,NYSE,delisted,2018-02-23,2022-02-16
2019,1419625,Apptio Inc,7372,cloud,APTI,2016-09-23,2019-01-10,NASDAQ,delisted,2018-02-21,2018-02-21
2019,1419951,Data Storage Corp,7374,cloud,DTST,2010-09-20,2026-09-29,NASDAQ,listed,2018-04-17,2026-04-14
2019,1420302,"LogMeIn, Inc.",7372,cloud,LOGM,2009-07-01,2020-08-31,NASDAQ,delisted,2018-02-20,2020-02-14
2019,1433195,APPFOLIO INC,7372,cloud,APPF,2015-06-26,2026-09-29,NASDAQ,listed,2018-02-26,2026-02-05
2019,1433714,"CASTLIGHT HEALTH, INC.",7374,cloud,CSLT,2014-03-14,2022-02-17,NYSE,delisted,2018-03-01,2021-02-24
2019,1437352,"EVERBRIDGE, INC.",7372,cloud,EVBG,2016-09-16,2026-09-29,NASDAQ,delisted,2018-03-12,2024-02-27
2019,1447380,MOBIVITY HOLDINGS CORP.,7372,cloud,,,,,unmapped,2018-04-11,2025-04-07
2019,1448056,"NEW RELIC, INC.",7372,cloud,NEWR,2014-12-12,2023-11-07,NYSE,delisted,2018-05-11,2023-05-23
2019,1453814,"Medidata Solutions, Inc.",7372,cloud,MDSO,2009-06-25,2019-10-28,NASDAQ,delisted,2018-02-28,2019-03-01
2019,1458962,"MINDBODY, Inc.",7374,cloud,MB,2015-06-19,2019-02-15,NASDAQ,delisted,2018-03-01,2018-03-01
2019,1463172,"Zendesk, Inc.",7374,cloud,ZEN,2014-05-15,2022-11-21,NYSE,delisted,2018-02-22,2022-02-15
2019,1468666,SecureWorks Corp,7372,cloud,SCWX,2016-04-22,2025-02-03,NASDAQ,delisted,2018-03-28,2024-03-22
2019,1470099,"MOBILEIRON, INC.",7372,cloud,MOBL,2014-06-12,2020-12-01,NASDAQ,delisted,2018-03-12,2020-03-06
2019,1474432,"Everpure, Inc.",3572,semis,P,2015-10-07,2026-09-29,NYSE,listed,2018-03-26,2026-03-25
2019,1477425,"SendGrid, Inc.",7372,cloud,SEND,2017-11-15,2019-02-26,NYSE,delisted,2018-02-26,2018-02-26
2019,1482554,"Hartford Creative Group, Inc.",7374,cloud,,,,,unmapped,2018-11-14,2025-10-15
2019,1482974,"Carter Validus Mission Critical REIT, Inc.",6798,infra,,,,,unmapped,2018-03-30,2019-03-22
2019,1490892,CoreSite Realty Corp,6798,infra,COR,1995-04-04,2026-09-29,NYSE,delisted,2018-02-09,2021-02-05
2019,1493594,"MACOM Technology Solutions Holdings, Inc.",3674,semis,MTSI,2012-03-15,2026-09-29,NASDAQ,listed,2018-11-16,2025-11-14
2019,1505155,"Upland Software, Inc.",7372,cloud,UPLD,2014-11-06,2026-09-29,NASDAQ,listed,2018-03-09,2026-03-03
2019,1506439,"SharpSpring, Inc.",7372,cloud,SHSP,2015-12-02,2021-09-01,NASDAQ,delisted,2018-03-15,2021-03-30
2019,1517228,"Vistance Networks, Inc.",3663,network,VISN,2013-10-25,2026-09-29,NASDAQ,listed,2018-02-15,2026-02-26
2019,1535379,"Cloudera, Inc.",7372,cloud,CLDR,2017-04-28,2021-10-11,NYSE,delisted,2018-04-04,2021-03-25
2019,1553023,CyrusOne Holdco LLC,6798,infra,CONE,2013-01-18,2022-03-25,NASDAQ,delisted,2018-02-22,2022-02-17
2019,1561164,"QualityTech, LP",6798,infra,QTS,2013-10-09,2021-08-31,NYSE,delisted,2018-02-28,2020-02-28
2019,1567925,"Sila Realty Trust, Inc.",6798,infra,,,,,unmapped,2018-03-21,2026-02-25
2019,1571996,Dell Technologies Inc.,3571,semis,DELL,2018-12-21,2026-09-29,NYSE,listed,2018-03-29,2026-03-16
2019,1575189,"Match Group Holdings II, LLC",7370,cloud,MTCH,2015-11-19,2026-09-29,NASDAQ,delisted,2018-03-01,2020-02-27
2019,1576169,"Benefitfocus, Inc.",7372,cloud,BNFT,2013-09-18,2023-01-24,NASDAQ,delisted,2018-03-15,2022-03-04
2019,1577966,"COPT DEFENSE PROPERTIES, L.P.",6798,infra,,,,,unmapped,2018-02-16,2021-02-12
2019,1580808,"A10 Networks, Inc.",3576,network,ATEN,2014-03-21,2026-09-29,NYSE,listed,2018-08-29,2026-02-25
2019,1590955,"Paycom Software, Inc.",7372,cloud,PAYC,2014-04-15,2026-09-29,NYSE,listed,2018-02-14,2026-02-19
2019,1591698,Paylocity Holding Corp,7372,cloud,PCTY,2014-03-19,2026-09-29,NASDAQ,listed,2018-08-10,2026-08-05
2019,1595974,"MAGNITE, INC.",7370,cloud,MGNI,2014-04-02,2026-09-29,NASDAQ,listed,2018-03-15,2026-02-25
2019,1596532,"Arista Networks, Inc.",3576,network,ANET,2014-06-06,2026-09-29,NYSE,listed,2018-02-20,2026-02-17
2019,1609711,GoDaddy Inc.,7373,cloud,GDDY,2015-04-01,2026-09-29,NYSE,listed,2018-02-27,2026-02-25
2019,1610532,"Hortonworks, Inc.",7372,cloud,HDP,2014-12-12,2019-01-03,NASDAQ,delisted,2018-03-15,2018-03-15
2019,1614178,"Yext, Inc.",7374,cloud,YEXT,2017-04-13,2026-09-29,NYSE,listed,2018-03-16,2026-03-10
2019,1615165,"Veritone, Inc.",7374,cloud,VERI,2017-05-12,2026-09-29,NASDAQ,listed,2018-03-09,2026-04-15
2019,1616533,"Penguin Solutions, Inc.",3674,semis,PENG,2017-05-24,2026-09-29,NASDAQ,listed,2018-10-30,2025-10-21
2019,1619954,"Inovalon Holdings, Inc.",7374,cloud,INOV,2015-02-12,2021-11-24,NASDAQ,delisted,2018-02-21,2021-02-17
2019,1633978,Lumentum Holdings Inc.,3669,network,LITE,2015-08-04,2026-09-29,NASDAQ,listed,2018-08-28,2026-08-17
2019,1644675,Mimecast Ltd,7372,cloud,MIME,2015-11-19,2022-09-16,NASDAQ,delisted,2018-05-29,2021-05-27
2019,1645590,Hewlett Packard Enterprise Co,3570,semis,HPE,2015-10-19,2026-09-29,NYSE,listed,2018-12-12,2025-12-18
2019,1651235,"Acacia Communications, Inc.",3674,semis,ACIA,2016-05-13,2021-03-01,NASDAQ,delisted,2018-02-22,2021-03-01
2019,1652044,Alphabet Inc.,7370,cloud,GOOGL,2004-08-19,2026-09-29,NASDAQ,listed,2018-02-06,2026-02-05
2019,1662684,"KULR Technology Group, Inc.",3670,semis,KULR,2018-07-18,2026-09-29,AMEX,listed,2018-04-17,2026-03-31
2019,1665658,"CommerceHub, Inc.",7372,cloud,CHUBA,2016-07-22,2018-05-21,NASDAQ,delisted,2018-03-01,2018-03-01
2019,1666071,"Cardlytics, Inc.",7370,cloud,CDLX,2018-02-09,2026-09-29,NASDAQ,listed,2018-03-19,2026-03-04
2019,1666134,"BLACKLINE, INC.",7372,cloud,BL,2016-10-28,2026-09-29,NASDAQ,listed,2018-03-08,2026-02-26
2019,1681622,Varex Imaging Corp,3679,semis,VREX,2017-01-20,2026-09-29,NASDAQ,listed,2018-11-27,2025-11-18
2019,1687999,"EMR Technology Solutions, Inc.",7372,cloud,,,,,unmapped,2018-03-30,2021-09-07
2019,1699683,Longfin Corp,7374,cloud,,,,,unmapped,2018-04-02,2018-04-02
2019,1701732,Altair Engineering Inc.,7372,cloud,ALTR,2017-11-01,2025-03-26,NASDAQ,delisted,2018-03-21,2025-02-20
2019,1710583,"Switch, Inc.",7370,cloud,SWCH,2017-10-06,2022-12-05,NYSE,delisted,2018-04-02,2022-03-01
2019,1713683,"Zscaler, Inc.",7371,cloud,ZS,2018-03-16,2026-09-29,NASDAQ,listed,2018-09-13,2026-09-03
2019,1730168,Broadcom Inc.,3674,semis,AVGO,2009-08-06,2026-09-29,NASDAQ,listed,2018-12-21,2025-12-18
2020,2488,ADVANCED MICRO DEVICES INC,3674,semis,AMD,1983-03-21,2026-09-29,NASDAQ,listed,2019-02-08,2026-02-04
2020,49615,ID SYSTEMS INC,3669,network,,,,,unmapped,2019-04-01,2019-04-01
2020,50471,"ReposiTrak, Inc.",7374,cloud,TRAK,2005-12-13,2026-09-29,NYSE,listed,2019-09-12,2026-09-28
2020,50863,INTEL CORP,3674,semis,INTC,1980-03-17,2026-09-29,NASDAQ,listed,2019-02-01,2026-01-23
2020,51143,INTERNATIONAL BUSINESS MACHINES CORP,3570,semis,IBM,1962-01-02,2026-09-29,NYSE,listed,2019-02-26,2026-02-24
2020,106040,WESTERN DIGITAL CORP,3572,semis,WDC,1987-01-02,2026-09-29,NASDAQ,listed,2019-08-27,2026-08-14
2020,278165,OMNIQ Corp.,7373,cloud,,,,,unmapped,2019-06-05,2026-04-15
2020,713425,"LOGILITY SUPPLY CHAIN SOLUTIONS, INC",7372,cloud,AMSWA,1984-09-07,2024-10-01,NASDAQ,delisted,2019-07-15,2024-07-01
2020,723125,MICRON TECHNOLOGY INC,3674,semis,MU,1989-05-16,2026-09-29,NASDAQ,listed,2019-10-17,2025-10-03
2020,743988,XILINX INC,3674,semis,XLNX,1990-06-18,2022-02-14,NASDAQ,delisted,2019-05-10,2021-05-14
2020,751978,VICOR CORP,3679,semis,VICR,1991-11-27,2026-09-29,NASDAQ,listed,2019-02-28,2026-03-02
2020,789019,MICROSOFT CORP,7372,cloud,MSFT,1986-03-13,2026-09-29,NASDAQ,listed,2019-08-01,2026-07-29
2020,796343,ADOBE INC.,7372,cloud,ADBE,1986-08-14,2026-09-29,NASDAQ,listed,2019-01-25,2026-01-15
2020,804753,CERNER Corp,7373,cloud,CERN,1990-03-26,2022-09-08,NASDAQ,delisted,2019-02-08,2022-02-22
2020,807863,MITEK SYSTEMS INC,3577,semis,MITK,1995-05-26,2026-09-29,NASDAQ,listed,2019-12-06,2025-12-11
2020,813672,CADENCE DESIGN SYSTEMS INC,7372,cloud,CDNS,1990-03-26,2026-09-29,NASDAQ,listed,2019-02-27,2026-02-19
2020,855612,ZIX CORP,7374,cloud,ZIXI,1989-11-10,2021-12-23,NASDAQ,delisted,2019-03-08,2021-03-05
2020,858877,"CISCO SYSTEMS, INC.",3576,network,CSCO,1990-03-26,2026-09-29,NASDAQ,listed,2019-09-05,2026-09-02
2020,890394,Peraso Inc.,3674,semis,PRSO,2001-06-28,2026-09-29,NASDAQ,listed,2019-03-12,2026-03-30
2020,896878,INTUIT INC.,7372,cloud,INTU,1993-03-22,2026-09-29,NASDAQ,listed,2019-08-30,2026-09-09
2020,903651,INNODATA INC,7374,cloud,INOD,1993-08-11,2026-09-29,NASDAQ,listed,2019-03-26,2026-02-26
2020,917273,RAMBUS INC,3674,semis,RMBS,1997-05-14,2026-09-29,NASDAQ,listed,2019-02-22,2026-02-18
2020,936395,CIENA CORP,3661,network,CIEN,1997-02-07,2026-09-29,NYSE,listed,2019-12-20,2025-12-12
2020,949158,CRAY INC,3571,semis,CRAY,1995-09-27,2019-09-25,NASDAQ,delisted,2019-02-12,2019-02-12
2020,1002047,"NetApp, Inc.",3572,semis,NTAP,1995-11-21,2026-09-29,NASDAQ,listed,2019-06-18,2026-06-05
2020,1005757,CSG SYSTEMS INTERNATIONAL INC,7374,cloud,CSGS,1996-02-28,2026-05-14,NASDAQ,delisted,2019-02-22,2026-02-19
2020,1013237,FACTSET RESEARCH SYSTEMS INC,7370,cloud,FDS,1996-06-28,2026-09-29,NYSE,listed,2019-10-30,2025-10-22
2020,1014473,VERISIGN INC/CA,7371,cloud,VRSN,1998-01-30,2026-09-29,NASDAQ,listed,2019-02-15,2026-02-05
2020,1016125,ULTIMATE SOFTWARE GROUP INC,7372,cloud,ULTI,1998-06-17,2019-05-03,NASDAQ,delisted,2019-03-01,2019-03-01
2020,1020569,IRON MOUNTAIN INC,6798,infra,IRM,1996-02-01,2026-09-29,NYSE,listed,2019-02-14,2026-02-12
2020,1023459,"Simulations Plus, Inc.",7373,cloud,SLP,1997-06-19,2026-09-29,NASDAQ,listed,2019-11-13,2025-12-01
2020,1023731,8X8 INC /DE/,7374,cloud,EGHT,1997-07-02,2026-09-29,NASDAQ,listed,2019-05-21,2026-05-22
2020,1043604,JUNIPER NETWORKS INC,3576,network,JNPR,1999-06-25,2025-07-02,NYSE,delisted,2019-02-22,2025-02-21
2020,1045810,NVIDIA CORP,3674,semis,NVDA,1999-01-22,2026-09-29,NASDAQ,listed,2019-02-21,2026-02-25
2020,1051627,AXT INC,3674,semis,AXTI,1998-05-21,2026-09-29,NASDAQ,listed,2019-03-11,2026-03-17
2020,1056386,Internap Corp,7370,cloud,INAPQ,1999-09-29,2020-04-30,NASDAQ,delisted,2019-03-18,2020-05-08
2020,1058057,MARVELL TECHNOLOGY GROUP LTD,3674,semis,MRVL,2000-06-30,2026-09-29,NASDAQ,delisted,2019-03-28,2021-03-16
2020,1058290,COGNIZANT TECHNOLOGY SOLUTIONS CORP,7371,cloud,CTSH,1998-06-19,2026-09-29,NASDAQ,listed,2019-02-19,2026-02-12
2020,1066194,EGAIN Corp,7372,cloud,EGAN,1999-09-23,2026-09-29,NASDAQ,listed,2019-09-12,2026-09-10
2020,1078271,EXTREME NETWORKS INC,3576,network,EXTR,1999-04-09,2026-09-29,NASDAQ,listed,2019-08-29,2026-08-17
2020,1081745,"INTELLINETICS, INC.",7372,cloud,INLX,2015-03-10,2026-09-29,AMEX,listed,2019-04-01,2026-03-30
2020,1084577,CYREN Ltd.,7372,cloud,,,,,unmapped,2019-03-28,2022-03-24
2020,1101239,EQUINIX INC,6798,infra,EQIX,2000-08-11,2026-09-29,NASDAQ,listed,2019-02-22,2026-02-11
2020,1102993,LIVEPERSON INC,7372,cloud,LPSN,2000-04-07,2026-09-29,NASDAQ,listed,2019-02-25,2026-03-16
2020,1107843,"QUALYS, INC.",7372,cloud,QLYS,2012-09-28,2026-09-29,NASDAQ,listed,2019-02-27,2026-02-20
2020,1108524,"Salesforce, Inc.",7372,cloud,CRM,2004-06-23,2026-09-29,NYSE,listed,2019-03-08,2026-03-02
2020,1122388,ELLIE MAE INC,7372,cloud,ELLI,2011-04-15,2019-04-17,NYSE,delisted,2019-03-01,2019-03-01
2020,1124610,VMWARE LLC,7372,cloud,VMW,2007-08-15,2023-11-22,NYSE,delisted,2019-03-29,2023-03-28
2020,1137789,Seagate Technology Holdings plc,3572,semis,STX,2002-12-11,2026-09-29,NASDAQ,listed,2019-08-02,2026-08-04
2020,1158114,"APPLIED OPTOELECTRONICS, INC.",3674,semis,AAOI,2013-09-26,2026-09-29,NASDAQ,listed,2019-02-26,2026-02-26
2020,1160958,INPHI Corp,3674,semis,IPHI,2010-11-12,2021-04-20,NYSE,delisted,2019-02-28,2021-02-25
2020,1166388,VERINT SYSTEMS INC,7373,cloud,VRNT,2002-05-16,2025-11-26,NASDAQ,delisted,2019-03-28,2025-03-26
2020,1169561,COMMVAULT SYSTEMS INC,7372,cloud,CVLT,2006-09-22,2026-09-29,NASDAQ,listed,2019-05-02,2026-05-11
2020,1169652,CHANNELADVISOR CORP,7372,cloud,ECOM,2013-05-23,2022-11-15,NYSE,delisted,2019-02-13,2022-02-10
2020,1173489,CEVA INC,3674,semis,CEVA,2002-11-01,2026-09-29,NASDAQ,listed,2019-03-04,2026-02-27
2020,1212458,PROOFPOINT INC,7374,cloud,PFPT,2012-04-20,2021-08-31,NASDAQ,delisted,2019-02-21,2021-02-19
2020,1227025,NEOPHOTONICS CORP,3674,semis,NPTN,2011-02-02,2022-08-03,NYSE,delisted,2019-03-08,2022-02-25
2020,1237746,"Endurance International Group Holdings, Inc.",7372,cloud,EIGI,2013-10-25,2021-02-10,NASDAQ,delisted,2019-02-21,2020-02-14
2020,1282631,NETLIST INC,3674,semis,,,,,unmapped,2019-03-22,2026-03-19
2020,1286225,"RealPage, Inc.",7372,cloud,RP,2010-08-12,2021-04-22,NASDAQ,delisted,2019-02-27,2021-03-01
2020,1288469,"MAXLINEAR, INC",3674,semis,MXL,2010-03-24,2026-09-29,NASDAQ,listed,2019-02-05,2026-01-29
2020,1288847,"Five9, Inc.",7374,cloud,FIVN,2014-04-04,2026-09-29,NASDAQ,listed,2019-02-25,2026-02-20
2020,1290658,"IIOT-OXYS, Inc.",7372,cloud,,,,,unmapped,2019-04-16,2026-05-11
2020,1311241,INTERMOLECULAR INC,3674,semis,IMI,2011-11-18,2019-09-20,NASDAQ,delisted,2019-03-08,2019-03-08
2020,1314223,"Amber Road, Inc.",7372,cloud,AMBR,2014-03-21,2019-07-29,NASDAQ,delisted,2019-03-05,2019-03-05
2020,1316016,AQUANTIA CORP,3674,semis,AQ,2017-11-03,2019-10-14,NYSE,delisted,2019-03-06,2019-03-06
2020,1326801,"Meta Platforms, Inc.",7370,cloud,META,2012-05-18,2026-09-29,NASDAQ,listed,2019-01-31,2026-01-29
2020,1327567,Palo Alto Networks Inc,3577,semis,PANW,2012-07-20,2026-09-29,NASDAQ,listed,2019-09-09,2026-09-10
2020,1327688,OOMA INC,7374,cloud,OOMA,2015-07-17,2026-09-29,NYSE,listed,2019-04-03,2026-04-03
2020,1327811,"Workday, Inc.",7374,cloud,WDAY,2012-10-12,2026-09-29,NASDAQ,listed,2019-03-18,2026-03-06
2020,1340127,Carbonite Inc,7374,cloud,CARB,2011-08-11,2020-01-10,NASDAQ,delisted,2019-02-28,2019-02-28
2020,1341439,ORACLE CORP,7372,cloud,ORCL,1986-03-12,2026-09-29,NYSE,listed,2019-06-21,2026-06-22
2020,1348036,"AVALARA, INC.",7372,cloud,AVLR,2018-06-15,2022-10-28,NYSE,delisted,2019-02-28,2022-02-24
2020,1351636,"SOUNDTHINKING, INC.",7372,cloud,SSTI,2017-06-07,2026-09-29,NASDAQ,listed,2019-03-04,2026-03-30
2020,1353283,SPLUNK INC,7372,cloud,SPLK,2012-04-19,2026-09-29,NASDAQ,delisted,2019-03-27,2023-03-23
2020,1356104,"Mellanox Technologies, Ltd.",3674,semis,MLNX,2007-02-08,2020-04-27,NASDAQ,delisted,2019-02-21,2020-02-20
2020,1366561,SMARTSHEET INC,7372,cloud,SMAR,2018-04-27,2025-01-22,NYSE,delisted,2019-04-01,2024-03-20
2020,1372414,"AEROHIVE NETWORKS, INC",7373,cloud,HIVE,2018-01-12,2026-09-29,NASDAQ,delisted,2019-03-01,2019-03-01
2020,1372612,BOX INC,7372,cloud,BOX,2015-01-23,2026-09-29,NYSE,listed,2019-03-20,2026-03-09
2020,1373715,"ServiceNow, Inc.",7372,cloud,NOW,2012-06-29,2026-09-29,NYSE,listed,2019-02-27,2026-01-29
2020,1375365,"Super Micro Computer, Inc.",3571,semis,SMCI,2007-03-29,2026-09-29,NASDAQ,listed,2019-12-19,2026-08-31
2020,1384905,"RingCentral, Inc.",7374,cloud,RNG,2013-09-27,2026-09-29,NYSE,listed,2019-02-27,2026-02-27
2020,1389002,MARIN SOFTWARE INC,7374,cloud,,,,,unmapped,2019-03-14,2024-02-23
2020,1392972,"PROS Holdings, Inc.",7371,cloud,PRO,2007-07-26,2025-12-08,NYSE,delisted,2019-02-15,2025-02-12
2020,1394056,"ONE STOP SYSTEMS, INC.",3571,semis,OSS,2018-02-01,2026-09-29,NASDAQ,listed,2019-03-21,2026-03-18
2020,1396536,"DUOS TECHNOLOGIES GROUP, INC.",7372,cloud,DUOT,2015-04-10,2026-09-29,NASDAQ,listed,2019-04-15,2026-03-31
2020,1408278,"Synacor, Inc.",7370,cloud,SYNC,2012-02-13,2021-04-01,NASDAQ,delisted,2019-03-14,2021-03-31
2020,1410384,"Q2 Holdings, Inc.",7372,cloud,QTWO,2014-03-20,2026-09-29,NYSE,listed,2019-02-19,2026-02-11
2020,1418091,"TWITTER, INC.",7370,cloud,TWTR,2013-11-07,2022-10-28,NYSE,delisted,2019-02-21,2022-02-16
2020,1419951,Data Storage Corp,7374,cloud,DTST,2010-09-20,2026-09-29,NASDAQ,listed,2019-04-01,2026-04-14
2020,1420302,"LogMeIn, Inc.",7372,cloud,LOGM,2009-07-01,2020-08-31,NASDAQ,delisted,2019-02-21,2020-02-14
2020,1423774,ZUORA INC,7372,cloud,ZUO,2018-04-11,2025-02-14,NYSE,delisted,2019-04-18,2024-03-26
2020,1433195,APPFOLIO INC,7372,cloud,APPF,2015-06-26,2026-09-29,NASDAQ,listed,2019-02-28,2026-02-05
2020,1433714,"CASTLIGHT HEALTH, INC.",7374,cloud,CSLT,2014-03-14,2022-02-17,NYSE,delisted,2019-03-01,2021-02-24
2020,1437352,"EVERBRIDGE, INC.",7372,cloud,EVBG,2016-09-16,2026-09-29,NASDAQ,delisted,2019-03-01,2024-02-27
2020,1447380,MOBIVITY HOLDINGS CORP.,7372,cloud,,,,,unmapped,2019-04-15,2025-04-07
2020,1448056,"NEW RELIC, INC.",7372,cloud,NEWR,2014-12-12,2023-11-07,NYSE,delisted,2019-05-15,2023-05-23
2020,1453814,"Medidata Solutions, Inc.",7372,cloud,MDSO,2009-06-25,2019-10-28,NASDAQ,delisted,2019-03-01,2019-03-01
2020,1463172,"Zendesk, Inc.",7374,cloud,ZEN,2014-05-15,2022-11-21,NYSE,delisted,2019-02-14,2022-02-15
2020,1467623,"DROPBOX, INC.",7372,cloud,DBX,2018-03-23,2026-09-29,NASDAQ,listed,2019-02-25,2026-02-20
2020,1468666,SecureWorks Corp,7372,cloud,SCWX,2016-04-22,2025-02-03,NASDAQ,delisted,2019-03-28,2024-03-22
2020,1470099,"MOBILEIRON, INC.",7372,cloud,MOBL,2014-06-12,2020-12-01,NASDAQ,delisted,2019-02-22,2020-03-06
2020,1474432,"Everpure, Inc.",3572,semis,P,2015-10-07,2026-09-29,NYSE,listed,2019-03-26,2026-03-25
2020,1482974,"Carter Validus Mission Critical REIT, Inc.",6798,infra,,,,,unmapped,2019-03-22,2019-03-22
2020,1490892,CoreSite Realty Corp,6798,infra,COR,1995-04-04,2026-09-29,NYSE,delisted,2019-02-08,2021-02-05
2020,1493594,"MACOM Technology Solutions Holdings, Inc.",3674,semis,MTSI,2012-03-15,2026-09-29,NASDAQ,listed,2019-11-26,2025-11-14
2020,1505952,"Huckleberry.ai, Inc.",7372,cloud,,,,,unmapped,2019-04-15,2026-04-16
2020,1506439,"SharpSpring, Inc.",7372,cloud,SHSP,2015-12-02,2021-09-01,NASDAQ,delisted,2019-03-05,2021-03-30
2020,1517228,"Vistance Networks, Inc.",3663,network,VISN,2013-10-25,2026-09-29,NASDAQ,listed,2019-02-21,2026-02-26
2020,1535379,"Cloudera, Inc.",7372,cloud,CLDR,2017-04-28,2021-10-11,NYSE,delisted,2019-03-29,2021-03-25
2020,1540755,"Anaplan, Inc.",7372,cloud,PLAN,2018-10-12,2022-06-22,NYSE,delisted,2019-03-29,2022-03-23
2020,1553023,CyrusOne Holdco LLC,6798,infra,CONE,2013-01-18,2022-03-25,NASDAQ,delisted,2019-02-22,2022-02-17
2020,1561164,"QualityTech, LP",6798,infra,QTS,2013-10-09,2021-08-31,NYSE,delisted,2019-02-25,2020-02-28
2020,1567925,"Sila Realty Trust, Inc.",6798,infra,,,,,unmapped,2019-03-22,2026-02-25
2020,1575189,"Match Group Holdings II, LLC",7370,cloud,MTCH,2015-11-19,2026-09-29,NASDAQ,delisted,2019-02-28,2020-02-27
2020,1576169,"Benefitfocus, Inc.",7372,cloud,BNFT,2013-09-18,2023-01-24,NASDAQ,delisted,2019-02-26,2022-03-04
2020,1577966,"COPT DEFENSE PROPERTIES, L.P.",6798,infra,,,,,unmapped,2019-02-21,2021-02-12
2020,1580808,"A10 Networks, Inc.",3576,network,ATEN,2014-03-21,2026-09-29,NYSE,listed,2019-03-18,2026-02-25
2020,1590955,"Paycom Software, Inc.",7372,cloud,PAYC,2014-04-15,2026-09-29,NYSE,listed,2019-02-14,2026-02-19
2020,1591698,Paylocity Holding Corp,7372,cloud,PCTY,2014-03-19,2026-09-29,NASDAQ,listed,2019-08-09,2026-08-05
2020,1595974,"MAGNITE, INC.",7370,cloud,MGNI,2014-04-02,2026-09-29,NASDAQ,listed,2019-02-27,2026-02-25
2020,1596532,"Arista Networks, Inc.",3576,network,ANET,2014-06-06,2026-09-29,NYSE,listed,2019-02-15,2026-02-17
2020,1609711,GoDaddy Inc.,7373,cloud,GDDY,2015-04-01,2026-09-29,NYSE,listed,2019-02-22,2026-02-25
2020,1614178,"Yext, Inc.",7374,cloud,YEXT,2017-04-13,2026-09-29,NYSE,listed,2019-03-15,2026-03-10
2020,1616533,"Penguin Solutions, Inc.",3674,semis,PENG,2017-05-24,2026-09-29,NASDAQ,listed,2019-11-06,2025-10-21
2020,1619954,"Inovalon Holdings, Inc.",7374,cloud,INOV,2015-02-12,2021-11-24,NASDAQ,delisted,2019-02-20,2021-02-17
2020,1627014,"Black Knight, Inc.",7372,cloud,BKI,2015-05-20,2023-09-05,NYSE,delisted,2019-02-22,2023-02-28
2020,1627475,"UPWORK, INC",7374,cloud,UPWK,2018-10-03,2026-09-29,NASDAQ,listed,2019-03-07,2026-02-13
2020,1633978,Lumentum Holdings Inc.,3669,network,LITE,2015-08-04,2026-09-29,NASDAQ,listed,2019-08-27,2026-08-17
2020,1635136,DUO WORLD INC,7372,cloud,,,,,unmapped,2019-08-13,2023-07-13
2020,1644675,Mimecast Ltd,7372,cloud,MIME,2015-11-19,2022-09-16,NASDAQ,delisted,2019-05-29,2021-05-27
2020,1651235,"Acacia Communications, Inc.",3674,semis,ACIA,2016-05-13,2021-03-01,NASDAQ,delisted,2019-02-21,2021-03-01
2020,1652044,Alphabet Inc.,7370,cloud,GOOGL,2004-08-19,2026-09-29,NASDAQ,listed,2019-02-05,2026-02-05
2020,1659183,nDivision Inc.,7374,cloud,,,,,unmapped,2019-03-29,2022-04-14
2020,1662684,"KULR Technology Group, Inc.",3670,semis,KULR,2018-07-18,2026-09-29,AMEX,listed,2019-03-29,2026-03-31
2020,1666071,"Cardlytics, Inc.",7370,cloud,CDLX,2018-02-09,2026-09-29,NASDAQ,listed,2019-03-05,2026-03-04
2020,1666134,"BLACKLINE, INC.",7372,cloud,BL,2016-10-28,2026-09-29,NASDAQ,listed,2019-02-28,2026-02-26
2020,1681622,Varex Imaging Corp,3679,semis,VREX,2017-01-20,2026-09-29,NASDAQ,listed,2019-12-20,2025-11-18
2020,1687999,"EMR Technology Solutions, Inc.",7372,cloud,,,,,unmapped,2019-04-16,2021-09-07
2020,1701732,Altair Engineering Inc.,7372,cloud,ALTR,2017-11-01,2025-03-26,NASDAQ,delisted,2019-03-01,2025-02-20
2020,1707258,Amesite Inc.,7372,cloud,,,,,unmapped,2019-09-30,2020-09-16
2020,1710583,"Switch, Inc.",7370,cloud,SWCH,2017-10-06,2022-12-05,NYSE,delisted,2019-03-18,2022-03-01
2020,1713683,"Zscaler, Inc.",7371,cloud,ZS,2018-03-16,2026-09-29,NASDAQ,listed,2019-09-18,2026-09-03
2020,1719489,"Kaleyra, Inc.",7374,cloud,KLR,2018-01-17,2023-10-05,NYSE,delisted,2019-12-11,2023-03-16
2020,1720116,"Red Violet, Inc.",7372,cloud,RDVT,2018-03-26,2026-09-29,NASDAQ,listed,2019-03-07,2026-03-04
2020,1725057,"Dayforce, Inc.",7372,cloud,DAY,2018-04-26,2026-02-03,NYSE,delisted,2019-02-28,2025-02-28
2020,1730168,Broadcom Inc.,3674,semis,AVGO,2009-08-06,2026-09-29,NASDAQ,listed,2019-12-20,2025-12-18
2020,1739936,MOMENTIVE GLOBAL INC.,7370,cloud,MNTV,2018-09-26,2023-05-31,NASDAQ,delisted,2019-02-26,2023-02-17
2020,1758009,Quantum Computing Inc.,7372,cloud,QUBT,2018-08-01,2026-09-29,NASDAQ,listed,2019-03-28,2026-03-02
2020,1768267,Cerence Inc.,7372,cloud,CRNC,2019-09-16,2026-09-29,NASDAQ,listed,2019-12-19,2025-11-20
2021,2488,ADVANCED MICRO DEVICES INC,3674,semis,AMD,1983-03-21,2026-09-29,NASDAQ,listed,2020-02-04,2026-02-04
2021,50471,"ReposiTrak, Inc.",7374,cloud,TRAK,2005-12-13,2026-09-29,NYSE,listed,2020-09-28,2026-09-28
2021,50863,INTEL CORP,3674,semis,INTC,1980-03-17,2026-09-29,NASDAQ,listed,2020-01-24,2026-01-23
2021,51143,INTERNATIONAL BUSINESS MACHINES CORP,3570,semis,IBM,1962-01-02,2026-09-29,NYSE,listed,2020-02-25,2026-02-24
2021,106040,WESTERN DIGITAL CORP,3572,semis,WDC,1987-01-02,2026-09-29,NASDAQ,listed,2020-08-28,2026-08-14
2021,225628,"PASSUR Aerospace, Inc.",3812,infra,,,,,unmapped,2020-01-27,2022-01-26
2021,275880,PARSONS CORP,7373,cloud,PSN,2019-05-08,2026-09-29,NYSE,listed,2020-03-10,2026-02-11
2021,356037,CSP INC /MA/,7373,cloud,CSPI,1990-03-27,2026-09-29,NASDAQ,listed,2020-12-28,2025-12-16
2021,713425,"LOGILITY SUPPLY CHAIN SOLUTIONS, INC",7372,cloud,AMSWA,1984-09-07,2024-10-01,NASDAQ,delisted,2020-07-10,2024-07-01
2021,723125,MICRON TECHNOLOGY INC,3674,semis,MU,1989-05-16,2026-09-29,NASDAQ,listed,2020-10-19,2025-10-03
2021,743316,MAXIM INTEGRATED PRODUCTS INC,3674,semis,MXIM,1990-03-26,2021-09-01,NASDAQ,delisted,2020-08-19,2021-08-20
2021,743988,XILINX INC,3674,semis,XLNX,1990-06-18,2022-02-14,NASDAQ,delisted,2020-05-08,2021-05-14
2021,751978,VICOR CORP,3679,semis,VICR,1991-11-27,2026-09-29,NASDAQ,listed,2020-02-28,2026-03-02
2021,789019,MICROSOFT CORP,7372,cloud,MSFT,1986-03-13,2026-09-29,NASDAQ,listed,2020-07-30,2026-07-29
2021,796343,ADOBE INC.,7372,cloud,ADBE,1986-08-14,2026-09-29,NASDAQ,listed,2020-01-21,2026-01-15
2021,804753,CERNER Corp,7373,cloud,CERN,1990-03-26,2022-09-08,NASDAQ,delisted,2020-02-10,2022-02-22
2021,807863,MITEK SYSTEMS INC,3577,semis,MITK,1995-05-26,2026-09-29,NASDAQ,listed,2020-12-07,2025-12-11
2021,813672,CADENCE DESIGN SYSTEMS INC,7372,cloud,CDNS,1990-03-26,2026-09-29,NASDAQ,listed,2020-02-24,2026-02-19
2021,817720,SYNAPTICS Inc,3674,semis,SYNA,2002-01-29,2026-09-29,NASDAQ,listed,2020-08-21,2026-08-10
2021,855612,ZIX CORP,7374,cloud,ZIXI,1989-11-10,2021-12-23,NASDAQ,delisted,2020-03-09,2021-03-05
2021,855658,LATTICE SEMICONDUCTOR CORP,3674,semis,LSCC,1990-03-26,2026-09-29,NASDAQ,listed,2020-02-24,2026-02-13
2021,858877,"CISCO SYSTEMS, INC.",3576,network,CSCO,1990-03-26,2026-09-29,NASDAQ,listed,2020-09-03,2026-09-02
2021,890394,Peraso Inc.,3674,semis,PRSO,2001-06-28,2026-09-29,NASDAQ,listed,2020-03-17,2026-03-30
2021,903651,INNODATA INC,7374,cloud,INOD,1993-08-11,2026-09-29,NASDAQ,listed,2020-03-16,2026-02-26
2021,917273,RAMBUS INC,3674,semis,RMBS,1997-05-14,2026-09-29,NASDAQ,listed,2020-02-26,2026-02-18
2021,927003,ADVANCED ENERGY INDUSTRIES INC,3679,semis,AEIS,1995-11-17,2026-09-29,NASDAQ,listed,2020-03-02,2026-02-13
2021,929940,ASPENTECH Corp,7371,cloud,AZPN,1994-10-26,2025-03-12,NASDAQ,delisted,2020-12-09,2021-08-18
2021,935036,"ACI WORLDWIDE, INC.",7372,cloud,ACIW,1995-02-27,2026-09-29,NASDAQ,listed,2020-02-27,2026-02-26
2021,936395,CIENA CORP,3661,network,CIEN,1997-02-07,2026-09-29,NYSE,listed,2020-12-18,2025-12-12
2021,1002047,"NetApp, Inc.",3572,semis,NTAP,1995-11-21,2026-09-29,NASDAQ,listed,2020-06-15,2026-06-05
2021,1005757,CSG SYSTEMS INTERNATIONAL INC,7374,cloud,CSGS,1996-02-28,2026-05-14,NASDAQ,delisted,2020-02-21,2026-02-19
2021,1013237,FACTSET RESEARCH SYSTEMS INC,7370,cloud,FDS,1996-06-28,2026-09-29,NYSE,listed,2020-10-29,2025-10-22
2021,1014473,VERISIGN INC/CA,7371,cloud,VRSN,1998-01-30,2026-09-29,NASDAQ,listed,2020-02-14,2026-02-05
2021,1020569,IRON MOUNTAIN INC,6798,infra,IRM,1996-02-01,2026-09-29,NYSE,listed,2020-02-13,2026-02-12
2021,1023731,8X8 INC /DE/,7374,cloud,EGHT,1997-07-02,2026-09-29,NASDAQ,listed,2020-05-19,2026-05-22
2021,1029744,SONIC FOUNDRY INC,3663,network,,,,,unmapped,2020-12-22,2024-01-04
2021,1043604,JUNIPER NETWORKS INC,3576,network,JNPR,1999-06-25,2025-07-02,NYSE,delisted,2020-02-20,2025-02-21
2021,1045810,NVIDIA CORP,3674,semis,NVDA,1999-01-22,2026-09-29,NASDAQ,listed,2020-02-20,2026-02-25
2021,1051627,AXT INC,3674,semis,AXTI,1998-05-21,2026-09-29,NASDAQ,listed,2020-03-12,2026-03-17
2021,1056386,Internap Corp,7370,cloud,,,,,unmapped,2020-05-08,2020-05-08
2021,1058057,MARVELL TECHNOLOGY GROUP LTD,3674,semis,MRVL,2000-06-30,2026-09-29,NASDAQ,delisted,2020-03-23,2021-03-16
2021,1066194,EGAIN Corp,7372,cloud,EGAN,1999-09-23,2026-09-29,NASDAQ,listed,2020-09-11,2026-09-10
2021,1070235,BLACKBERRY Ltd,7372,cloud,BB,1999-02-04,2026-09-29,NYSE,listed,2020-04-07,2026-04-09
2021,1078271,EXTREME NETWORKS INC,3576,network,EXTR,1999-04-09,2026-09-29,NASDAQ,listed,2020-08-31,2026-08-17
2021,1081745,"INTELLINETICS, INC.",7372,cloud,INLX,2015-03-10,2026-09-29,AMEX,listed,2020-03-30,2026-03-30
2021,1084577,CYREN Ltd.,7372,cloud,,,,,unmapped,2020-03-30,2022-03-24
2021,1085869,PERFICIENT INC,7371,cloud,PRFT,1999-07-29,2024-10-10,NASDAQ,delisted,2020-02-25,2024-02-27
2021,1101239,EQUINIX INC,6798,infra,EQIX,2000-08-11,2026-09-29,NASDAQ,listed,2020-02-21,2026-02-11
2021,1102993,LIVEPERSON INC,7372,cloud,LPSN,2000-04-07,2026-09-29,NASDAQ,listed,2020-03-02,2026-03-16
2021,1107843,"QUALYS, INC.",7372,cloud,QLYS,2012-09-28,2026-09-29,NASDAQ,listed,2020-02-21,2026-02-20
2021,1108524,"Salesforce, Inc.",7372,cloud,CRM,2004-06-23,2026-09-29,NYSE,listed,2020-03-05,2026-03-02
2021,1114925,LANTRONIX INC,3576,network,LTRX,2000-08-04,2026-09-29,NASDAQ,listed,2020-09-11,2026-08-27
2021,1124610,VMWARE LLC,7372,cloud,VMW,2007-08-15,2023-11-22,NYSE,delisted,2020-03-26,2023-03-28
2021,1137789,Seagate Technology Holdings plc,3572,semis,STX,2002-12-11,2026-09-29,NASDAQ,listed,2020-08-07,2026-08-04
2021,1158114,"APPLIED OPTOELECTRONICS, INC.",3674,semis,AAOI,2013-09-26,2026-09-29,NASDAQ,listed,2020-02-28,2026-02-26
2021,1160958,INPHI Corp,3674,semis,IPHI,2010-11-12,2021-04-20,NYSE,delisted,2020-03-02,2021-02-25
2021,1166388,VERINT SYSTEMS INC,7373,cloud,VRNT,2002-05-16,2025-11-26,NASDAQ,delisted,2020-03-31,2025-03-26
2021,1169561,COMMVAULT SYSTEMS INC,7372,cloud,CVLT,2006-09-22,2026-09-29,NASDAQ,listed,2020-05-15,2026-05-11
2021,1169652,CHANNELADVISOR CORP,7372,cloud,ECOM,2013-05-23,2022-11-15,NYSE,delisted,2020-02-12,2022-02-10
2021,1173489,CEVA INC,3674,semis,CEVA,2002-11-01,2026-09-29,NASDAQ,listed,2020-02-28,2026-02-27
2021,1212458,PROOFPOINT INC,7374,cloud,PFPT,2012-04-20,2021-08-31,NASDAQ,delisted,2020-02-20,2021-02-19
2021,1227025,NEOPHOTONICS CORP,3674,semis,NPTN,2011-02-02,2022-08-03,NYSE,delisted,2020-02-28,2022-02-25
2021,1237746,"Endurance International Group Holdings, Inc.",7372,cloud,EIGI,2013-10-25,2021-02-10,NASDAQ,delisted,2020-02-14,2020-02-14
2021,1261333,"DOCUSIGN, INC.",7372,cloud,DOCU,2018-04-27,2026-09-29,NASDAQ,listed,2020-03-27,2026-03-18
2021,1280263,AMBARELLA INC,3674,semis,AMBA,2012-10-10,2026-09-29,NASDAQ,listed,2020-03-27,2026-03-23
2021,1282631,NETLIST INC,3674,semis,,,,,unmapped,2020-03-10,2026-03-19
2021,1286225,"RealPage, Inc.",7372,cloud,RP,2010-08-12,2021-04-22,NASDAQ,delisted,2020-03-02,2021-03-01
2021,1288469,"MAXLINEAR, INC",3674,semis,MXL,2010-03-24,2026-09-29,NASDAQ,listed,2020-02-05,2026-01-29
2021,1288847,"Five9, Inc.",7374,cloud,FIVN,2014-04-04,2026-09-29,NASDAQ,listed,2020-02-27,2026-02-20
2021,1290658,"IIOT-OXYS, Inc.",7372,cloud,,,,,unmapped,2020-06-23,2026-05-11
2021,1296884,"Lightstone Value Plus REIT I, Inc.",6798,infra,,,,,unmapped,2020-03-30,2026-03-30
2021,1326801,"Meta Platforms, Inc.",7370,cloud,META,2012-05-18,2026-09-29,NASDAQ,listed,2020-01-30,2026-01-29
2021,1327567,Palo Alto Networks Inc,3577,semis,PANW,2012-07-20,2026-09-29,NASDAQ,listed,2020-09-04,2026-09-10
2021,1327688,OOMA INC,7374,cloud,OOMA,2015-07-17,2026-09-29,NYSE,listed,2020-04-14,2026-04-03
2021,1327811,"Workday, Inc.",7374,cloud,WDAY,2012-10-12,2026-09-29,NASDAQ,listed,2020-03-03,2026-03-06
2021,1341439,ORACLE CORP,7372,cloud,ORCL,1986-03-12,2026-09-29,NYSE,listed,2020-06-22,2026-06-22
2021,1348036,"AVALARA, INC.",7372,cloud,AVLR,2018-06-15,2022-10-28,NYSE,delisted,2020-02-28,2022-02-24
2021,1351636,"SOUNDTHINKING, INC.",7372,cloud,SSTI,2017-06-07,2026-09-29,NASDAQ,listed,2020-03-13,2026-03-30
2021,1353283,SPLUNK INC,7372,cloud,SPLK,2012-04-19,2026-09-29,NASDAQ,delisted,2020-03-26,2023-03-23
2021,1356104,"Mellanox Technologies, Ltd.",3674,semis,MLNX,2007-02-08,2020-04-27,NASDAQ,delisted,2020-02-20,2020-02-20
2021,1366561,SMARTSHEET INC,7372,cloud,SMAR,2018-04-27,2025-01-22,NYSE,delisted,2020-03-31,2024-03-20
2021,1370880,"Mandiant, Inc.",3577,semis,MNDT,2013-09-20,2022-09-16,NASDAQ,delisted,2020-02-21,2022-03-01
2021,1372612,BOX INC,7372,cloud,BOX,2015-01-23,2026-09-29,NYSE,listed,2020-03-19,2026-03-09
2021,1373715,"ServiceNow, Inc.",7372,cloud,NOW,2012-06-29,2026-09-29,NYSE,listed,2020-02-20,2026-01-29
2021,1375365,"Super Micro Computer, Inc.",3571,semis,SMCI,2007-03-29,2026-09-29,NASDAQ,listed,2020-08-31,2026-08-31
2021,1384905,"RingCentral, Inc.",7374,cloud,RNG,2013-09-27,2026-09-29,NYSE,listed,2020-02-26,2026-02-27
2021,1389002,MARIN SOFTWARE INC,7374,cloud,,,,,unmapped,2020-03-23,2024-02-23
2021,1392972,"PROS Holdings, Inc.",7371,cloud,PRO,2007-07-26,2025-12-08,NYSE,delisted,2020-02-19,2025-02-12
2021,1393052,VEEVA SYSTEMS INC,7372,cloud,VEEV,2013-10-16,2026-09-29,NYSE,listed,2020-03-30,2026-03-20
2021,1394056,"ONE STOP SYSTEMS, INC.",3571,semis,OSS,2018-02-01,2026-09-29,NASDAQ,listed,2020-03-26,2026-03-18
2021,1396536,"DUOS TECHNOLOGIES GROUP, INC.",7372,cloud,DUOT,2015-04-10,2026-09-29,NASDAQ,listed,2020-03-30,2026-03-31
2021,1401680,Cornerstone OnDemand Inc,7372,cloud,CSOD,2011-03-17,2021-10-15,NASDAQ,delisted,2020-02-25,2021-02-22
2021,1408278,"Synacor, Inc.",7370,cloud,SYNC,2012-02-13,2021-04-01,NASDAQ,delisted,2020-03-06,2021-03-31
2021,1410384,"Q2 Holdings, Inc.",7372,cloud,QTWO,2014-03-20,2026-09-29,NYSE,listed,2020-02-21,2026-02-11
2021,1418091,"TWITTER, INC.",7370,cloud,TWTR,2013-11-07,2022-10-28,NYSE,delisted,2020-02-19,2022-02-16
2021,1419951,Data Storage Corp,7374,cloud,DTST,2010-09-20,2026-09-29,NASDAQ,listed,2020-04-14,2026-04-14
2021,1420302,"LogMeIn, Inc.",7372,cloud,LOGM,2009-07-01,2020-08-31,NASDAQ,delisted,2020-02-14,2020-02-14
2021,1423774,ZUORA INC,7372,cloud,ZUO,2018-04-11,2025-02-14,NYSE,delisted,2020-03-31,2024-03-26
2021,1433195,APPFOLIO INC,7372,cloud,APPF,2015-06-26,2026-09-29,NASDAQ,listed,2020-03-02,2026-02-05
2021,1433714,"CASTLIGHT HEALTH, INC.",7374,cloud,CSLT,2014-03-14,2022-02-17,NYSE,delisted,2020-02-28,2021-02-24
2021,1442145,"Verisk Analytics, Inc.",7374,cloud,VRSK,2009-10-07,2026-09-29,NASDAQ,listed,2020-02-18,2026-02-18
2021,1447380,MOBIVITY HOLDINGS CORP.,7372,cloud,,,,,unmapped,2020-03-30,2025-04-07
2021,1448056,"NEW RELIC, INC.",7372,cloud,NEWR,2014-12-12,2023-11-07,NYSE,delisted,2020-05-15,2023-05-23
2021,1462223,"Nixxy, Inc.",7371,cloud,NIXX,2008-11-20,2026-09-29,NASDAQ,listed,2020-05-08,2026-04-15
2021,1463172,"Zendesk, Inc.",7374,cloud,ZEN,2014-05-15,2022-11-21,NYSE,delisted,2020-02-13,2022-02-15
2021,1467623,"DROPBOX, INC.",7372,cloud,DBX,2018-03-23,2026-09-29,NASDAQ,listed,2020-02-21,2026-02-20
2021,1468666,SecureWorks Corp,7372,cloud,SCWX,2016-04-22,2025-02-03,NASDAQ,delisted,2020-03-27,2024-03-22
2021,1470099,"MOBILEIRON, INC.",7372,cloud,MOBL,2014-06-12,2020-12-01,NASDAQ,delisted,2020-03-06,2020-03-06
2021,1490892,CoreSite Realty Corp,6798,infra,COR,1995-04-04,2026-09-29,NYSE,delisted,2020-02-07,2021-02-05
2021,1493594,"MACOM Technology Solutions Holdings, Inc.",3674,semis,MTSI,2012-03-15,2026-09-29,NASDAQ,listed,2020-11-18,2025-11-14
2021,1505952,"Huckleberry.ai, Inc.",7372,cloud,,,,,unmapped,2020-04-13,2026-04-16
2021,1506439,"SharpSpring, Inc.",7372,cloud,SHSP,2015-12-02,2021-09-01,NASDAQ,delisted,2020-03-16,2021-03-30
2021,1517228,"Vistance Networks, Inc.",3663,network,VISN,2013-10-25,2026-09-29,NASDAQ,listed,2020-02-20,2026-02-26
2021,1517413,"Fastly, Inc.",7372,cloud,FSLY,2019-05-17,2026-09-29,NASDAQ,listed,2020-03-04,2026-02-25
2021,1535379,"Cloudera, Inc.",7372,cloud,CLDR,2017-04-28,2021-10-11,NYSE,delisted,2020-03-27,2021-03-25
2021,1535527,"CrowdStrike Holdings, Inc.",7372,cloud,CRWD,2019-06-12,2026-09-29,NASDAQ,listed,2020-03-23,2026-03-05
2021,1540184,"Medallia, Inc.",7370,cloud,MDLA,2019-07-19,2021-10-29,NYSE,delisted,2020-03-19,2021-03-22
2021,1540755,"Anaplan, Inc.",7372,cloud,PLAN,2018-10-12,2022-06-22,NYSE,delisted,2020-03-30,2022-03-23
2021,1553023,CyrusOne Holdco LLC,6798,infra,CONE,2013-01-18,2022-03-25,NASDAQ,delisted,2020-02-20,2022-02-17
2021,1561164,"QualityTech, LP",6798,infra,QTS,2013-10-09,2021-08-31,NYSE,delisted,2020-02-28,2020-02-28
2021,1566469,"NantHealth, Inc.",7374,cloud,,,,,unmapped,2020-02-28,2023-04-14
2021,1567925,"Sila Realty Trust, Inc.",6798,infra,SILA,2021-02-05,2026-07-01,NYSE,delisted,2020-03-27,2026-02-25
2021,1568100,"PagerDuty, Inc.",7372,cloud,PD,2019-04-11,2026-09-29,NYSE,listed,2020-03-19,2026-03-12
2021,1576169,"Benefitfocus, Inc.",7372,cloud,BNFT,2013-09-18,2023-01-24,NASDAQ,delisted,2020-03-05,2022-03-04
2021,1576914,MiX Telematics Ltd,7372,cloud,MIXT,2013-08-09,2026-09-29,NYSE,delisted,2020-07-23,2023-06-22
2021,1577966,"COPT DEFENSE PROPERTIES, L.P.",6798,infra,,,,,unmapped,2020-02-19,2021-02-12
2021,1580808,"A10 Networks, Inc.",3576,network,ATEN,2014-03-21,2026-09-29,NYSE,listed,2020-03-10,2026-02-25
2021,1585521,"Zoom Communications, Inc.",7370,cloud,ZM,2019-04-18,2026-09-29,NASDAQ,listed,2020-03-20,2026-02-27
2021,1590955,"Paycom Software, Inc.",7372,cloud,PAYC,2014-04-15,2026-09-29,NYSE,listed,2020-02-13,2026-02-19
2021,1591698,Paylocity Holding Corp,7372,cloud,PCTY,2014-03-19,2026-09-29,NASDAQ,listed,2020-08-07,2026-08-05
2021,1595974,"MAGNITE, INC.",7370,cloud,MGNI,2014-04-02,2026-09-29,NASDAQ,listed,2020-02-27,2026-02-25
2021,1596532,"Arista Networks, Inc.",3576,network,ANET,2014-06-06,2026-09-29,NYSE,listed,2020-02-14,2026-02-17
2021,1609711,GoDaddy Inc.,7373,cloud,GDDY,2015-04-01,2026-09-29,NYSE,listed,2020-02-21,2026-02-25
2021,1614178,"Yext, Inc.",7374,cloud,YEXT,2017-04-13,2026-09-29,NYSE,listed,2020-03-20,2026-03-10
2021,1615165,"Veritone, Inc.",7374,cloud,VERI,2017-05-12,2026-09-29,NASDAQ,listed,2020-03-11,2026-04-15
2021,1616533,"Penguin Solutions, Inc.",3674,semis,PENG,2017-05-24,2026-09-29,NASDAQ,listed,2020-10-22,2025-10-21
2021,1619954,"Inovalon Holdings, Inc.",7374,cloud,INOV,2015-02-12,2021-11-24,NASDAQ,delisted,2020-02-19,2021-02-17
2021,1627014,"Black Knight, Inc.",7372,cloud,BKI,2015-05-20,2023-09-05,NYSE,delisted,2020-02-28,2023-02-28
2021,1627475,"UPWORK, INC",7374,cloud,UPWK,2018-10-03,2026-09-29,NASDAQ,listed,2020-03-02,2026-02-13
2021,1633978,Lumentum Holdings Inc.,3669,network,LITE,2015-08-04,2026-09-29,NASDAQ,listed,2020-08-25,2026-08-17
2021,1635136,DUO WORLD INC,7372,cloud,,,,,unmapped,2020-06-29,2023-07-13
2021,1636422,"Health Catalyst, Inc.",7370,cloud,HCAT,2019-07-25,2026-09-29,NASDAQ,listed,2020-02-28,2026-03-12
2021,1644675,Mimecast Ltd,7372,cloud,MIME,2015-11-19,2022-09-16,NASDAQ,delisted,2020-05-22,2021-05-27
2021,1651235,"Acacia Communications, Inc.",3674,semis,ACIA,2016-05-13,2021-03-01,NASDAQ,delisted,2020-02-18,2021-03-01
2021,1652044,Alphabet Inc.,7370,cloud,GOOGL,2004-08-19,2026-09-29,NASDAQ,listed,2020-02-04,2026-02-05
2021,1659183,nDivision Inc.,7374,cloud,,,,,unmapped,2020-03-25,2022-04-14
2021,1662684,"KULR Technology Group, Inc.",3670,semis,KULR,2018-07-18,2026-09-29,AMEX,listed,2020-05-14,2026-03-31
2021,1666071,"Cardlytics, Inc.",7370,cloud,CDLX,2018-02-09,2026-09-29,NASDAQ,listed,2020-03-03,2026-03-04
2021,1674101,Vertiv Holdings Co,3679,semis,VRT,2018-07-30,2026-09-29,NYSE,listed,2020-03-12,2026-02-13
2021,1681622,Varex Imaging Corp,3679,semis,VREX,2017-01-20,2026-09-29,NASDAQ,listed,2020-11-30,2025-11-18
2021,1682325,GTY Technology Holdings Inc.,7374,cloud,GTYH,2016-11-18,2022-09-07,NASDAQ,delisted,2020-03-13,2022-02-18
2021,1687999,"EMR Technology Solutions, Inc.",7372,cloud,,,,,unmapped,2020-07-31,2021-09-07
2021,1689923,"Alteryx, Inc.",7372,cloud,AYX,2017-03-24,2024-03-18,NYSE,delisted,2020-02-14,2024-02-06
2021,1697851,"Rekor Systems, Inc.",3669,network,REKR,2017-08-29,2026-09-29,NASDAQ,listed,2020-03-30,2026-03-31
2021,1701732,Altair Engineering Inc.,7372,cloud,ALTR,2017-11-01,2025-03-26,NASDAQ,delisted,2020-03-02,2025-02-20
2021,1707258,Amesite Inc.,7372,cloud,,,,,unmapped,2020-09-16,2020-09-16
2021,1710583,"Switch, Inc.",7370,cloud,SWCH,2017-10-06,2022-12-05,NYSE,delisted,2020-03-02,2022-03-01
2021,1713683,"Zscaler, Inc.",7371,cloud,ZS,2018-03-16,2026-09-29,NASDAQ,listed,2020-09-17,2026-09-03
2021,1725057,"Dayforce, Inc.",7372,cloud,DAY,2018-04-26,2026-02-03,NYSE,delisted,2020-02-28,2025-02-28
2021,1730168,Broadcom Inc.,3674,semis,AVGO,2009-08-06,2026-09-29,NASDAQ,listed,2020-12-18,2025-12-18
2021,1739936,MOMENTIVE GLOBAL INC.,7370,cloud,MNTV,2018-09-26,2023-05-31,NASDAQ,delisted,2020-02-27,2023-02-17
2021,1740797,"AVAI BIO, INC.",7374,cloud,,,,,unmapped,2020-08-13,2026-07-14
2021,1752474,KLDiscovery Inc.,7370,cloud,,,,,unmapped,2020-03-26,2024-03-28
2021,1758009,Quantum Computing Inc.,7372,cloud,QUBT,2018-08-01,2026-09-29,NASDAQ,listed,2020-03-27,2026-03-02
2021,1784970,Next Technology Holding Inc.,7374,cloud,NXTT,2020-07-23,2026-09-29,NASDAQ,listed,2020-03-06,2026-03-31
2021,1786352,"BILL Holdings, Inc.",7372,cloud,BILL,2019-12-12,2026-09-29,NYSE,listed,2020-08-31,2026-08-20
2022,2488,ADVANCED MICRO DEVICES INC,3674,semis,AMD,1983-03-21,2026-09-29,NASDAQ,listed,2021-01-29,2026-02-04
2022,8670,AUTOMATIC DATA PROCESSING INC,7374,cloud,ADP,1983-04-06,2026-09-29,NASDAQ,listed,2021-08-04,2026-08-05
2022,50471,"ReposiTrak, Inc.",7374,cloud,TRAK,2005-12-13,2026-09-29,NYSE,listed,2021-09-28,2026-09-28
2022,50863,INTEL CORP,3674,semis,INTC,1980-03-17,2026-09-29,NASDAQ,listed,2021-01-22,2026-01-23
2022,51143,INTERNATIONAL BUSINESS MACHINES CORP,3570,semis,IBM,1962-01-02,2026-09-29,NYSE,listed,2021-02-23,2026-02-24
2022,106040,WESTERN DIGITAL CORP,3572,semis,WDC,1987-01-02,2026-09-29,NASDAQ,listed,2021-08-27,2026-08-14
2022,225628,"PASSUR Aerospace, Inc.",3812,infra,,,,,unmapped,2021-01-29,2022-01-26
2022,278165,OMNIQ Corp.,7373,cloud,,,,,unmapped,2021-03-31,2026-04-15
2022,320340,CoreCard Corp,7372,cloud,CCRD,1995-08-18,2025-10-30,NYSE,delisted,2021-03-04,2025-02-28
2022,713425,"LOGILITY SUPPLY CHAIN SOLUTIONS, INC",7372,cloud,AMSWA,1984-09-07,2024-10-01,NASDAQ,delisted,2021-07-09,2024-07-01
2022,736012,INTRUSION INC,3576,network,INTZ,2012-07-26,2026-09-29,NASDAQ,listed,2021-03-09,2026-03-25
2022,743316,MAXIM INTEGRATED PRODUCTS INC,3674,semis,MXIM,1990-03-26,2021-09-01,NASDAQ,delisted,2021-08-20,2021-08-20
2022,743988,XILINX INC,3674,semis,XLNX,1990-06-18,2022-02-14,NASDAQ,delisted,2021-05-14,2021-05-14
2022,751978,VICOR CORP,3679,semis,VICR,1991-11-27,2026-09-29,NASDAQ,listed,2021-03-01,2026-03-02
2022,789019,MICROSOFT CORP,7372,cloud,MSFT,1986-03-13,2026-09-29,NASDAQ,listed,2021-07-29,2026-07-29
2022,796343,ADOBE INC.,7372,cloud,ADBE,1986-08-14,2026-09-29,NASDAQ,listed,2021-01-15,2026-01-15
2022,803578,"FIREFLY NEUROSCIENCE, INC.",7372,cloud,AIFF,2011-02-23,2026-09-29,NASDAQ,listed,2021-03-31,2026-03-31
2022,807863,MITEK SYSTEMS INC,3577,semis,MITK,1995-05-26,2026-09-29,NASDAQ,listed,2021-12-13,2025-12-11
2022,813672,CADENCE DESIGN SYSTEMS INC,7372,cloud,CDNS,1990-03-26,2026-09-29,NASDAQ,listed,2021-02-22,2026-02-19
2022,817720,SYNAPTICS Inc,3674,semis,SYNA,2002-01-29,2026-09-29,NASDAQ,listed,2021-08-23,2026-08-10
2022,855612,ZIX CORP,7374,cloud,ZIXI,1989-11-10,2021-12-23,NASDAQ,delisted,2021-03-05,2021-03-05
2022,855658,LATTICE SEMICONDUCTOR CORP,3674,semis,LSCC,1990-03-26,2026-09-29,NASDAQ,listed,2021-02-26,2026-02-13
2022,858877,"CISCO SYSTEMS, INC.",3576,network,CSCO,1990-03-26,2026-09-29,NASDAQ,listed,2021-09-09,2026-09-02
2022,860731,TYLER TECHNOLOGIES INC,7372,cloud,TYL,1987-12-30,2026-09-29,NYSE,listed,2021-02-19,2026-02-18
2022,866291,"ALLEGRO MICROSYSTEMS, INC.",3674,semis,ALGM,2020-10-29,2026-09-29,NASDAQ,listed,2021-05-19,2026-05-21
2022,890394,Peraso Inc.,3674,semis,PRSO,2001-06-28,2026-09-29,NASDAQ,listed,2021-03-18,2026-03-30
2022,897723,SANMINA CORP,3672,semis,SANM,1993-06-22,2026-09-29,NASDAQ,listed,2021-11-12,2025-11-13
2022,903651,INNODATA INC,7374,cloud,INOD,1993-08-11,2026-09-29,NASDAQ,listed,2021-03-15,2026-02-26
2022,917273,RAMBUS INC,3674,semis,RMBS,1997-05-14,2026-09-29,NASDAQ,listed,2021-02-26,2026-02-18
2022,927003,ADVANCED ENERGY INDUSTRIES INC,3679,semis,AEIS,1995-11-17,2026-09-29,NASDAQ,listed,2021-02-24,2026-02-13
2022,929940,ASPENTECH Corp,7371,cloud,AZPN,1994-10-26,2025-03-12,NASDAQ,delisted,2021-08-18,2021-08-18
2022,935036,"ACI WORLDWIDE, INC.",7372,cloud,ACIW,1995-02-27,2026-09-29,NASDAQ,listed,2021-02-25,2026-02-26
2022,936395,CIENA CORP,3661,network,CIEN,1997-02-07,2026-09-29,NYSE,listed,2021-12-17,2025-12-12
2022,1002047,"NetApp, Inc.",3572,semis,NTAP,1995-11-21,2026-09-29,NASDAQ,listed,2021-06-21,2026-06-05
2022,1005757,CSG SYSTEMS INTERNATIONAL INC,7374,cloud,CSGS,1996-02-28,2026-05-14,NASDAQ,delisted,2021-02-19,2026-02-19
2022,1008586,STREAMLINE HEALTH SOLUTIONS INC.,7373,cloud,STRM,1996-04-18,2026-09-29,NASDAQ,delisted,2021-04-22,2025-05-02
2022,1014473,VERISIGN INC/CA,7371,cloud,VRSN,1998-01-30,2026-09-29,NASDAQ,listed,2021-02-19,2026-02-05
2022,1020569,IRON MOUNTAIN INC,6798,infra,IRM,1996-02-01,2026-09-29,NYSE,listed,2021-02-24,2026-02-12
2022,1023731,8X8 INC /DE/,7374,cloud,EGHT,1997-07-02,2026-09-29,NASDAQ,listed,2021-05-17,2026-05-22
2022,1029744,SONIC FOUNDRY INC,3663,network,,,,,unmapped,2021-12-09,2024-01-04
2022,1036188,QAD INC,7372,cloud,QADA,2010-12-16,2021-11-05,NASDAQ,delisted,2021-04-13,2021-04-13
2022,1043604,JUNIPER NETWORKS INC,3576,network,JNPR,1999-06-25,2025-07-02,NYSE,delisted,2021-02-12,2025-02-21
2022,1045810,NVIDIA CORP,3674,semis,NVDA,1999-01-22,2026-09-29,NASDAQ,listed,2021-02-26,2026-02-25
2022,1058057,MARVELL TECHNOLOGY GROUP LTD,3674,semis,MRVL,2000-06-30,2026-09-29,NASDAQ,delisted,2021-03-16,2021-03-16
2022,1066194,EGAIN Corp,7372,cloud,EGAN,1999-09-23,2026-09-29,NASDAQ,listed,2021-09-10,2026-09-10
2022,1070235,BLACKBERRY Ltd,7372,cloud,BB,1999-02-04,2026-09-29,NYSE,listed,2021-03-31,2026-04-09
2022,1078271,EXTREME NETWORKS INC,3576,network,EXTR,1999-04-09,2026-09-29,NASDAQ,listed,2021-08-27,2026-08-17
2022,1081745,"INTELLINETICS, INC.",7372,cloud,INLX,2015-03-10,2026-09-29,AMEX,listed,2021-03-30,2026-03-30
2022,1084577,CYREN Ltd.,7372,cloud,,,,,unmapped,2021-03-30,2022-03-24
2022,1085869,PERFICIENT INC,7371,cloud,PRFT,1999-07-29,2024-10-10,NASDAQ,delisted,2021-02-25,2024-02-27
2022,1101239,EQUINIX INC,6798,infra,EQIX,2000-08-11,2026-09-29,NASDAQ,listed,2021-02-19,2026-02-11
2022,1102993,LIVEPERSON INC,7372,cloud,LPSN,2000-04-07,2026-09-29,NASDAQ,listed,2021-03-08,2026-03-16
2022,1107843,"QUALYS, INC.",7372,cloud,QLYS,2012-09-28,2026-09-29,NASDAQ,listed,2021-02-22,2026-02-20
2022,1108524,"Salesforce, Inc.",7372,cloud,CRM,2004-06-23,2026-09-29,NYSE,listed,2021-03-17,2026-03-02
2022,1110611,ON24 INC.,7372,cloud,ONTF,2021-02-03,2026-04-01,NYSE,delisted,2021-03-30,2026-03-12
2022,1114925,LANTRONIX INC,3576,network,LTRX,2000-08-04,2026-09-29,NASDAQ,listed,2021-08-27,2026-08-27
2022,1121142,Maxar Technologies Inc.,3663,network,MAXR,2009-02-13,2023-05-08,NYSE,delisted,2021-02-24,2023-02-22
2022,1121795,GHST World Inc.,7372,cloud,,,,,unmapped,2021-09-28,2025-10-14
2022,1124610,VMWARE LLC,7372,cloud,VMW,2007-08-15,2023-11-22,NYSE,delisted,2021-03-26,2023-03-28
2022,1137789,Seagate Technology Holdings plc,3572,semis,STX,2002-12-11,2026-09-29,NASDAQ,listed,2021-08-06,2026-08-04
2022,1158114,"APPLIED OPTOELECTRONICS, INC.",3674,semis,AAOI,2013-09-26,2026-09-29,NASDAQ,listed,2021-02-25,2026-02-26
2022,1160958,INPHI Corp,3674,semis,IPHI,2010-11-12,2021-04-20,NYSE,delisted,2021-02-25,2021-02-25
2022,1169561,COMMVAULT SYSTEMS INC,7372,cloud,CVLT,2006-09-22,2026-09-29,NASDAQ,listed,2021-05-13,2026-05-11
2022,1169652,CHANNELADVISOR CORP,7372,cloud,ECOM,2013-05-23,2022-11-15,NYSE,delisted,2021-02-11,2022-02-10
2022,1173489,CEVA INC,7370,cloud,CEVA,2002-11-01,2026-09-29,NASDAQ,listed,2021-03-01,2026-02-27
2022,1212458,PROOFPOINT INC,7374,cloud,PFPT,2012-04-20,2021-08-31,NASDAQ,delisted,2021-02-19,2021-02-19
2022,1227025,NEOPHOTONICS CORP,3674,semis,NPTN,2011-02-02,2022-08-03,NYSE,delisted,2021-02-25,2022-02-25
2022,1261333,"DOCUSIGN, INC.",7372,cloud,DOCU,2018-04-27,2026-09-29,NASDAQ,listed,2021-03-31,2026-03-18
2022,1262039,"Fortinet, Inc.",3577,semis,FTNT,2009-11-18,2026-09-29,NASDAQ,listed,2021-02-19,2026-02-25
2022,1280058,BLACKBAUD INC,7372,cloud,BLKB,2004-07-26,2026-09-29,NASDAQ,listed,2021-02-23,2026-02-18
2022,1280263,AMBARELLA INC,3674,semis,AMBA,2012-10-10,2026-09-29,NASDAQ,listed,2021-03-31,2026-03-23
2022,1282631,NETLIST INC,3674,semis,,,,,unmapped,2021-03-26,2026-03-19
2022,1286225,"RealPage, Inc.",7372,cloud,RP,2010-08-12,2021-04-22,NASDAQ,delisted,2021-03-01,2021-03-01
2022,1288469,"MAXLINEAR, INC",3674,semis,MXL,2010-03-24,2026-09-29,NASDAQ,listed,2021-02-11,2026-01-29
2022,1288847,"Five9, Inc.",7374,cloud,FIVN,2014-04-04,2026-09-29,NASDAQ,listed,2021-03-01,2026-02-20
2022,1296884,"Lightstone Value Plus REIT I, Inc.",6798,infra,,,,,unmapped,2021-03-19,2026-03-30
2022,1326801,"Meta Platforms, Inc.",7370,cloud,META,2012-05-18,2026-09-29,NASDAQ,listed,2021-01-28,2026-01-29
2022,1327567,Palo Alto Networks Inc,3577,semis,PANW,2012-07-20,2026-09-29,NASDAQ,listed,2021-09-03,2026-09-10
2022,1327688,OOMA INC,7374,cloud,OOMA,2015-07-17,2026-09-29,NYSE,listed,2021-04-07,2026-04-03
2022,1327811,"Workday, Inc.",7374,cloud,WDAY,2012-10-12,2026-09-29,NASDAQ,listed,2021-03-02,2026-03-06
2022,1341439,ORACLE CORP,7372,cloud,ORCL,1986-03-12,2026-09-29,NYSE,listed,2021-06-21,2026-06-22
2022,1348036,"AVALARA, INC.",7372,cloud,AVLR,2018-06-15,2022-10-28,NYSE,delisted,2021-02-25,2022-02-24
2022,1351636,"SOUNDTHINKING, INC.",7372,cloud,SSTI,2017-06-07,2026-09-29,NASDAQ,listed,2021-03-29,2026-03-30
2022,1353283,SPLUNK INC,7372,cloud,SPLK,2012-04-19,2026-09-29,NASDAQ,delisted,2021-03-31,2023-03-23
2022,1366561,SMARTSHEET INC,7372,cloud,SMAR,2018-04-27,2025-01-22,NYSE,delisted,2021-03-25,2024-03-20
2022,1372612,BOX INC,7372,cloud,BOX,2015-01-23,2026-09-29,NYSE,listed,2021-03-19,2026-03-09
2022,1373715,"ServiceNow, Inc.",7372,cloud,NOW,2012-06-29,2026-09-29,NYSE,listed,2021-02-12,2026-01-29
2022,1375365,"Super Micro Computer, Inc.",3571,semis,SMCI,2007-03-29,2026-09-29,NASDAQ,listed,2021-08-27,2026-08-31
2022,1378590,"Bridgeline Digital, Inc.",7372,cloud,BLIN,2007-06-29,2026-09-29,NASDAQ,listed,2021-12-20,2025-12-19
2022,1384905,"RingCentral, Inc.",7374,cloud,RNG,2013-09-27,2026-09-29,NYSE,listed,2021-02-26,2026-02-27
2022,1389002,MARIN SOFTWARE INC,7374,cloud,,,,,unmapped,2021-02-26,2024-02-23
2022,1392972,"PROS Holdings, Inc.",7371,cloud,PRO,2007-07-26,2025-12-08,NYSE,delisted,2021-02-12,2025-02-12
2022,1393052,VEEVA SYSTEMS INC,7372,cloud,VEEV,2013-10-16,2026-09-29,NYSE,listed,2021-03-30,2026-03-20
2022,1394056,"ONE STOP SYSTEMS, INC.",3571,semis,OSS,2018-02-01,2026-09-29,NASDAQ,listed,2021-03-25,2026-03-18
2022,1396536,"DUOS TECHNOLOGIES GROUP, INC.",7372,cloud,DUOT,2015-04-10,2026-09-29,NASDAQ,listed,2021-03-30,2026-03-31
2022,1401680,Cornerstone OnDemand Inc,7372,cloud,CSOD,2011-03-17,2021-10-15,NASDAQ,delisted,2021-02-22,2021-02-22
2022,1408278,"Synacor, Inc.",7370,cloud,SYNC,2012-02-13,2021-04-01,NASDAQ,delisted,2021-03-31,2021-03-31
2022,1410384,"Q2 Holdings, Inc.",7372,cloud,QTWO,2014-03-20,2026-09-29,NYSE,listed,2021-02-19,2026-02-11
2022,1418091,"TWITTER, INC.",7370,cloud,TWTR,2013-11-07,2022-10-28,NYSE,delisted,2021-02-17,2022-02-16
2022,1419951,Data Storage Corp,7374,cloud,DTST,2010-09-20,2026-09-29,NASDAQ,listed,2021-03-31,2026-04-14
2022,1422930,"PubMatic, Inc.",7370,cloud,PUBM,2020-12-09,2026-09-29,NASDAQ,listed,2021-03-26,2026-02-26
2022,1423774,ZUORA INC,7372,cloud,ZUO,2018-04-11,2025-02-14,NYSE,delisted,2021-03-31,2024-03-26
2022,1433714,"CASTLIGHT HEALTH, INC.",7374,cloud,CSLT,2014-03-14,2022-02-17,NYSE,delisted,2021-02-24,2021-02-24
2022,1442145,"Verisk Analytics, Inc.",7374,cloud,VRSK,2009-10-07,2026-09-29,NASDAQ,listed,2021-02-23,2026-02-18
2022,1447380,MOBIVITY HOLDINGS CORP.,7372,cloud,,,,,unmapped,2021-03-30,2025-04-07
2022,1448056,"NEW RELIC, INC.",7372,cloud,NEWR,2014-12-12,2023-11-07,NYSE,delisted,2021-05-14,2023-05-23
2022,1462223,"Nixxy, Inc.",7371,cloud,NIXX,2008-11-20,2026-09-29,NASDAQ,listed,2021-03-09,2026-04-15
2022,1463172,"Zendesk, Inc.",7374,cloud,ZEN,2014-05-15,2022-11-21,NYSE,delisted,2021-02-12,2022-02-15
2022,1467623,"DROPBOX, INC.",7372,cloud,DBX,2018-03-23,2026-09-29,NASDAQ,listed,2021-02-19,2026-02-20
2022,1474432,"Everpure, Inc.",3572,semis,P,2015-10-07,2026-09-29,NYSE,listed,2021-03-25,2026-03-25
2022,1490892,CoreSite Realty Corp,6798,infra,COR,1995-04-04,2026-09-29,NYSE,delisted,2021-02-05,2021-02-05
2022,1493594,"MACOM Technology Solutions Holdings, Inc.",3674,semis,MTSI,2012-03-15,2026-09-29,NASDAQ,listed,2021-11-15,2025-11-14
2022,1498067,SKYTECH ORION GLOBAL CORP.,7372,cloud,,,,,unmapped,2021-04-15,2026-04-15
2022,1505952,"Huckleberry.ai, Inc.",7372,cloud,,,,,unmapped,2021-04-01,2026-04-16
2022,1506439,"SharpSpring, Inc.",7372,cloud,SHSP,2015-12-02,2021-09-01,NASDAQ,delisted,2021-03-30,2021-03-30
2022,1517228,"Vistance Networks, Inc.",3663,network,VISN,2013-10-25,2026-09-29,NASDAQ,listed,2021-02-17,2026-02-26
2022,1517413,"Fastly, Inc.",7372,cloud,FSLY,2019-05-17,2026-09-29,NASDAQ,listed,2021-03-01,2026-02-25
2022,1535379,"Cloudera, Inc.",7372,cloud,CLDR,2017-04-28,2021-10-11,NYSE,delisted,2021-03-25,2021-03-25
2022,1535527,"CrowdStrike Holdings, Inc.",7372,cloud,CRWD,2019-06-12,2026-09-29,NASDAQ,listed,2021-03-18,2026-03-05
2022,1540184,"Medallia, Inc.",7370,cloud,MDLA,2019-07-19,2021-10-29,NYSE,delisted,2021-03-22,2021-03-22
2022,1540755,"Anaplan, Inc.",7372,cloud,PLAN,2018-10-12,2022-06-22,NYSE,delisted,2021-03-12,2022-03-23
2022,1553023,CyrusOne Holdco LLC,6798,infra,CONE,2013-01-18,2022-03-25,NASDAQ,delisted,2021-02-19,2022-02-17
2022,1566469,"NantHealth, Inc.",7374,cloud,,,,,unmapped,2021-02-26,2023-04-14
2022,1566895,"nCino OpCo, Inc.",7372,cloud,NCNO,2020-07-14,2026-09-29,NASDAQ,delisted,2021-03-31,2021-03-31
2022,1567925,"Sila Realty Trust, Inc.",6798,infra,SILA,2021-02-05,2026-07-01,NYSE,delisted,2021-03-24,2026-02-25
2022,1571996,Dell Technologies Inc.,3571,semis,DELL,2018-12-21,2026-09-29,NYSE,listed,2021-03-26,2026-03-16
2022,1576169,"Benefitfocus, Inc.",7372,cloud,BNFT,2013-09-18,2023-01-24,NASDAQ,delisted,2021-03-10,2022-03-04
2022,1576914,MiX Telematics Ltd,7372,cloud,MIXT,2013-08-09,2026-09-29,NYSE,delisted,2021-06-14,2023-06-22
2022,1577368,"QTS Realty Trust, Inc.",6798,infra,QTS,2013-10-09,2021-08-31,NYSE,delisted,2021-02-26,2021-02-26
2022,1577526,"C3.ai, Inc.",7372,cloud,AI,2020-12-09,2026-09-29,NYSE,listed,2021-06-25,2026-06-24
2022,1577966,"COPT DEFENSE PROPERTIES, L.P.",6798,infra,,,,,unmapped,2021-02-12,2021-02-12
2022,1580808,"A10 Networks, Inc.",3576,network,ATEN,2014-03-21,2026-09-29,NYSE,listed,2021-03-08,2026-02-25
2022,1585521,"Zoom Communications, Inc.",7370,cloud,ZM,2019-04-18,2026-09-29,NASDAQ,listed,2021-03-18,2026-02-27
2022,1590955,"Paycom Software, Inc.",7372,cloud,PAYC,2014-04-15,2026-09-29,NYSE,listed,2021-02-18,2026-02-19
2022,1591698,Paylocity Holding Corp,7372,cloud,PCTY,2014-03-19,2026-09-29,NASDAQ,listed,2021-08-06,2026-08-05
2022,1595974,"MAGNITE, INC.",7370,cloud,MGNI,2014-04-02,2026-09-29,NASDAQ,listed,2021-02-25,2026-02-25
2022,1596532,"Arista Networks, Inc.",3576,network,ANET,2014-06-06,2026-09-29,NYSE,listed,2021-02-19,2026-02-17
2022,1609711,GoDaddy Inc.,7373,cloud,GDDY,2015-04-01,2026-09-29,NYSE,listed,2021-02-19,2026-02-25
2022,1614178,"Yext, Inc.",7374,cloud,YEXT,2017-04-13,2026-09-29,NYSE,listed,2021-03-16,2026-03-10
2022,1619954,"Inovalon Holdings, Inc.",7374,cloud,INOV,2015-02-12,2021-11-24,NASDAQ,delisted,2021-02-17,2021-02-17
2022,1627014,"Black Knight, Inc.",7372,cloud,BKI,2015-05-20,2023-09-05,NYSE,delisted,2021-02-26,2023-02-28
2022,1627475,"UPWORK, INC",7374,cloud,UPWK,2018-10-03,2026-09-29,NASDAQ,listed,2021-02-24,2026-02-13
2022,1631282,DATASEA INC.,7372,cloud,DTSS,2016-04-06,2026-09-29,NASDAQ,listed,2021-09-28,2025-09-26
2022,1633978,Lumentum Holdings Inc.,3669,network,LITE,2015-08-04,2026-09-29,NASDAQ,listed,2021-08-31,2026-08-17
2022,1635136,DUO WORLD INC,7372,cloud,,,,,unmapped,2021-06-29,2023-07-13
2022,1636422,"Health Catalyst, Inc.",7370,cloud,HCAT,2019-07-25,2026-09-29,NASDAQ,listed,2021-02-25,2026-03-12
2022,1644675,Mimecast Ltd,7372,cloud,MIME,2015-11-19,2022-09-16,NASDAQ,delisted,2021-05-27,2021-05-27
2022,1651235,"Acacia Communications, Inc.",3674,semis,ACIA,2016-05-13,2021-03-01,NASDAQ,delisted,2021-03-01,2021-03-01
2022,1652044,Alphabet Inc.,7370,cloud,GOOGL,2004-08-19,2026-09-29,NASDAQ,listed,2021-02-03,2026-02-05
2022,1659183,nDivision Inc.,7374,cloud,,,,,unmapped,2021-03-30,2022-04-14
2022,1662684,"KULR Technology Group, Inc.",3670,semis,KULR,2018-07-18,2026-09-29,AMEX,listed,2021-03-19,2026-03-31
2022,1666071,"Cardlytics, Inc.",7370,cloud,CDLX,2018-02-09,2026-09-29,NASDAQ,listed,2021-03-01,2026-03-04
2022,1674101,Vertiv Holdings Co,3679,semis,VRT,2018-07-30,2026-09-29,NYSE,listed,2021-03-01,2026-02-13
2022,1681622,Varex Imaging Corp,3679,semis,VREX,2017-01-20,2026-09-29,NASDAQ,listed,2021-11-19,2025-11-18
2022,1687999,"EMR Technology Solutions, Inc.",7372,cloud,,,,,unmapped,2021-09-07,2021-09-07
2022,1689923,"Alteryx, Inc.",7372,cloud,AYX,2017-03-24,2024-03-18,NYSE,delisted,2021-02-12,2024-02-06
2022,1697851,"Rekor Systems, Inc.",3669,network,REKR,2017-08-29,2026-09-29,NASDAQ,listed,2021-03-12,2026-03-31
2022,1701732,Altair Engineering Inc.,7372,cloud,ALTR,2017-11-01,2025-03-26,NASDAQ,delisted,2021-02-26,2025-02-20
2022,1704760,"American Virtual Cloud Technologies, Inc.",7373,cloud,AVCT,2017-08-08,2023-05-31,NASDAQ,delisted,2021-03-31,2023-04-07
2022,1710583,"Switch, Inc.",7370,cloud,SWCH,2017-10-06,2022-12-05,NYSE,delisted,2021-03-01,2022-03-01
2022,1713683,"Zscaler, Inc.",7371,cloud,ZS,2018-03-16,2026-09-29,NASDAQ,listed,2021-09-16,2026-09-03
2022,1724570,DATTO HOLDING CORP.,7372,cloud,MSP,2020-10-21,2022-06-23,NYSE,delisted,2021-03-11,2022-02-23
2022,1729750,"Kubient, Inc.",7373,cloud,,,,,unmapped,2021-03-30,2023-03-30
2022,1730168,Broadcom Inc.,3674,semis,AVGO,2009-08-06,2026-09-29,NASDAQ,listed,2021-12-17,2025-12-18
2022,1739936,MOMENTIVE GLOBAL INC.,7370,cloud,MNTV,2018-09-26,2023-05-31,NASDAQ,delisted,2021-02-18,2023-02-17
2022,1740797,"AVAI BIO, INC.",7374,cloud,,,,,unmapped,2021-07-13,2026-07-14
2022,1743759,"Corsair Gaming, Inc.",3577,semis,CRSR,2020-09-23,2026-09-29,NASDAQ,listed,2021-03-11,2026-02-25
2022,1747748,Qualtrics International Inc.,7372,cloud,XM,2021-01-28,2023-06-28,NASDAQ,delisted,2021-03-09,2023-02-24
2022,1752474,KLDiscovery Inc.,7370,cloud,,,,,unmapped,2021-03-18,2024-03-28
2022,1758009,Quantum Computing Inc.,7372,cloud,QUBT,2018-08-01,2026-09-29,NASDAQ,listed,2021-03-18,2026-03-02
2022,1774170,"Powerfleet, Inc.",3669,network,AIOT,1999-06-30,2026-09-29,NASDAQ,listed,2021-03-22,2026-06-15
2022,1783317,McAfee Corp.,7372,cloud,MCFE,2020-10-22,2022-09-16,NASDAQ,delisted,2021-03-01,2022-02-23
2022,1784970,Next Technology Holding Inc.,7374,cloud,NXTT,2020-07-23,2026-09-29,NASDAQ,listed,2021-03-31,2026-03-31
2022,1786352,"BILL Holdings, Inc.",7372,cloud,BILL,2019-12-12,2026-09-29,NYSE,listed,2021-08-30,2026-08-20
2022,1800347,"E2open Parent Holdings, Inc.",7374,cloud,ETWO,2020-06-15,2026-09-29,NYSE,delisted,2021-05-20,2025-04-29
2022,1807166,Amesite Inc.,7372,cloud,AMST,2020-09-25,2026-09-29,NASDAQ,listed,2021-09-10,2026-09-23
2022,1810019,"Rackspace Technology, Inc.",7370,cloud,RXT,2020-08-05,2026-09-29,NASDAQ,listed,2021-02-26,2026-03-06
2022,1810806,Unity Software Inc.,7372,cloud,U,2020-09-18,2026-09-29,NYSE,listed,2021-03-05,2026-02-11
2022,1839439,"PAYCOR HCM, INC.",7372,cloud,PYCR,2021-07-21,2025-04-14,NASDAQ,delisted,2021-09-02,2024-08-22
2023,2488,ADVANCED MICRO DEVICES INC,3674,semis,AMD,1983-03-21,2026-09-29,NASDAQ,listed,2022-02-03,2026-02-04
2023,50471,"ReposiTrak, Inc.",7374,cloud,TRAK,2005-12-13,2026-09-29,NYSE,listed,2022-09-28,2026-09-28
2023,50863,INTEL CORP,3674,semis,INTC,1980-03-17,2026-09-29,NASDAQ,listed,2022-01-27,2026-01-23
2023,51143,INTERNATIONAL BUSINESS MACHINES CORP,3570,semis,IBM,1962-01-02,2026-09-29,NYSE,listed,2022-02-22,2026-02-24
2023,225628,"PASSUR Aerospace, Inc.",3812,infra,,,,,unmapped,2022-01-26,2022-01-26
2023,320340,CoreCard Corp,7372,cloud,CCRD,1995-08-18,2025-10-30,NYSE,delisted,2022-03-03,2025-02-28
2023,713425,"LOGILITY SUPPLY CHAIN SOLUTIONS, INC",7372,cloud,AMSWA,1984-09-07,2024-10-01,NASDAQ,delisted,2022-06-29,2024-07-01
2023,723125,MICRON TECHNOLOGY INC,3674,semis,MU,1989-05-16,2026-09-29,NASDAQ,listed,2022-10-07,2025-10-03
2023,751978,VICOR CORP,3679,semis,VICR,1991-11-27,2026-09-29,NASDAQ,listed,2022-03-01,2026-03-02
2023,769397,"Autodesk, Inc.",7372,cloud,ADSK,1985-07-01,2026-09-29,NASDAQ,listed,2022-03-14,2026-03-03
2023,789019,MICROSOFT CORP,7372,cloud,MSFT,1986-03-13,2026-09-29,NASDAQ,listed,2022-07-28,2026-07-29
2023,796343,ADOBE INC.,7372,cloud,ADBE,1986-08-14,2026-09-29,NASDAQ,listed,2022-01-21,2026-01-15
2023,804753,CERNER Corp,7373,cloud,CERN,1990-03-26,2022-09-08,NASDAQ,delisted,2022-02-22,2022-02-22
2023,808326,EMCORE CORP,3674,semis,EMKR,1997-03-07,2025-02-28,NASDAQ,delisted,2022-12-28,2025-01-14
2023,813672,CADENCE DESIGN SYSTEMS INC,7372,cloud,CDNS,1990-03-26,2026-09-29,NASDAQ,listed,2022-02-22,2026-02-19
2023,817720,SYNAPTICS Inc,3674,semis,SYNA,2002-01-29,2026-09-29,NASDAQ,listed,2022-08-22,2026-08-10
2023,824142,"AAON, INC.",3585,infra,AAON,1992-12-16,2026-09-29,NASDAQ,listed,2022-02-28,2026-03-02
2023,855658,LATTICE SEMICONDUCTOR CORP,3674,semis,LSCC,1990-03-26,2026-09-29,NASDAQ,listed,2022-02-23,2026-02-13
2023,858877,"CISCO SYSTEMS, INC.",3576,network,CSCO,1990-03-26,2026-09-29,NASDAQ,listed,2022-09-08,2026-09-02
2023,860546,COPT DEFENSE PROPERTIES,6798,infra,CDP,1991-12-31,2026-09-29,NYSE,listed,2022-02-22,2026-02-20
2023,866291,"ALLEGRO MICROSYSTEMS, INC.",3674,semis,ALGM,2020-10-29,2026-09-29,NASDAQ,listed,2022-05-18,2026-05-21
2023,883241,SYNOPSYS INC,7372,cloud,SNPS,1992-02-26,2026-09-29,NASDAQ,listed,2022-12-12,2025-12-22
2023,890394,Peraso Inc.,3674,semis,PRSO,2001-06-28,2026-09-29,NASDAQ,listed,2022-03-31,2026-03-30
2023,897723,SANMINA CORP,3672,semis,SANM,1993-06-22,2026-09-29,NASDAQ,listed,2022-11-10,2025-11-13
2023,903651,INNODATA INC,7374,cloud,INOD,1993-08-11,2026-09-29,NASDAQ,listed,2022-03-24,2026-02-26
2023,917273,RAMBUS INC,3674,semis,RMBS,1997-05-14,2026-09-29,NASDAQ,listed,2022-02-28,2026-02-18
2023,927003,ADVANCED ENERGY INDUSTRIES INC,3679,semis,AEIS,1995-11-17,2026-09-29,NASDAQ,listed,2022-03-16,2026-02-13
2023,935036,"ACI WORLDWIDE, INC.",7372,cloud,ACIW,1995-02-27,2026-09-29,NASDAQ,listed,2022-02-24,2026-02-26
2023,936395,CIENA CORP,3661,network,CIEN,1997-02-07,2026-09-29,NYSE,listed,2022-12-16,2025-12-12
2023,1002047,"NetApp, Inc.",3572,semis,NTAP,1995-11-21,2026-09-29,NASDAQ,listed,2022-06-16,2026-06-05
2023,1005757,CSG SYSTEMS INTERNATIONAL INC,7374,cloud,CSGS,1996-02-28,2026-05-14,NASDAQ,delisted,2022-02-18,2026-02-19
2023,1013462,ANSYS INC,7372,cloud,ANSS,1996-06-21,2026-09-29,NASDAQ,delisted,2022-02-23,2025-02-19
2023,1014473,VERISIGN INC/CA,7371,cloud,VRSN,1998-01-30,2026-09-29,NASDAQ,listed,2022-02-18,2026-02-05
2023,1020569,IRON MOUNTAIN INC,6798,infra,IRM,1996-02-01,2026-09-29,NYSE,listed,2022-02-24,2026-02-12
2023,1023459,"Simulations Plus, Inc.",7373,cloud,SLP,1997-06-19,2026-09-29,NASDAQ,listed,2022-10-28,2025-12-01
2023,1023731,8X8 INC /DE/,7374,cloud,EGHT,1997-07-02,2026-09-29,NASDAQ,listed,2022-05-27,2026-05-22
2023,1029744,SONIC FOUNDRY INC,3663,network,,,,,unmapped,2022-12-08,2024-01-04
2023,1034760,WIDEPOINT CORP,7373,cloud,WYY,1998-05-19,2026-09-29,AMEX,listed,2022-03-28,2026-03-25
2023,1043604,JUNIPER NETWORKS INC,3576,network,JNPR,1999-06-25,2025-07-02,NYSE,delisted,2022-02-11,2025-02-21
2023,1045810,NVIDIA CORP,3674,semis,NVDA,1999-01-22,2026-09-29,NASDAQ,listed,2022-03-18,2026-02-25
2023,1046327,REALNETWORKS INC,7371,cloud,RNWK,1997-11-21,2022-12-22,NASDAQ,delisted,2022-02-25,2022-02-25
2023,1047127,"AMKOR TECHNOLOGY, INC.",3674,semis,AMKR,1998-05-01,2026-09-29,NASDAQ,listed,2022-02-18,2026-02-20
2023,1048695,"F5, INC.",3576,network,FFIV,1999-06-04,2026-09-29,NASDAQ,listed,2022-11-15,2025-11-25
2023,1053507,AMERICAN TOWER CORP /MA/,6798,infra,AMT,1998-02-27,2026-09-29,NYSE,listed,2022-02-25,2026-02-24
2023,1066194,EGAIN Corp,7372,cloud,EGAN,1999-09-23,2026-09-29,NASDAQ,listed,2022-09-13,2026-09-10
2023,1070235,BLACKBERRY Ltd,7372,cloud,BB,1999-02-04,2026-09-29,NYSE,listed,2022-04-01,2026-04-09
2023,1078271,EXTREME NETWORKS INC,3576,network,EXTR,1999-04-09,2026-09-29,NASDAQ,listed,2022-08-29,2026-08-17
2023,1081745,"INTELLINETICS, INC.",7372,cloud,INLX,2015-03-10,2026-09-29,AMEX,listed,2022-03-24,2026-03-30
2023,1084577,CYREN Ltd.,7372,cloud,,,,,unmapped,2022-03-24,2022-03-24
2023,1085869,PERFICIENT INC,7371,cloud,PRFT,1999-07-29,2024-10-10,NASDAQ,delisted,2022-02-24,2024-02-27
2023,1101239,EQUINIX INC,6798,infra,EQIX,2000-08-11,2026-09-29,NASDAQ,listed,2022-02-18,2026-02-11
2023,1102993,LIVEPERSON INC,7372,cloud,LPSN,2000-04-07,2026-09-29,NASDAQ,listed,2022-02-28,2026-03-16
2023,1107843,"QUALYS, INC.",7372,cloud,QLYS,2012-09-28,2026-09-29,NASDAQ,listed,2022-02-22,2026-02-20
2023,1108524,"Salesforce, Inc.",7372,cloud,CRM,2004-06-23,2026-09-29,NYSE,listed,2022-03-11,2026-03-02
2023,1110611,ON24 INC.,7372,cloud,ONTF,2021-02-03,2026-04-01,NYSE,delisted,2022-03-14,2026-03-12
2023,1116942,TTM TECHNOLOGIES INC,3672,semis,TTMI,2000-09-25,2026-09-29,NASDAQ,listed,2022-03-01,2026-02-17
2023,1121795,GHST World Inc.,7372,cloud,,,,,unmapped,2022-09-28,2025-10-14
2023,1124610,VMWARE LLC,7372,cloud,VMW,2007-08-15,2023-11-22,NYSE,delisted,2022-03-24,2023-03-28
2023,1126115,"LZG INTERNATIONAL, INC.",7372,cloud,,,,,unmapped,2022-09-13,2022-09-13
2023,1126741,GSI TECHNOLOGY INC,3674,semis,GSIT,2007-03-29,2026-09-29,NASDAQ,listed,2022-06-29,2026-06-05
2023,1137789,Seagate Technology Holdings plc,3572,semis,STX,2002-12-11,2026-09-29,NASDAQ,listed,2022-08-05,2026-08-04
2023,1144879,Applied Digital Corp.,7370,cloud,APLD,2008-10-22,2026-09-29,NASDAQ,listed,2022-08-29,2026-07-29
2023,1158114,"APPLIED OPTOELECTRONICS, INC.",3674,semis,AAOI,2013-09-26,2026-09-29,NASDAQ,listed,2022-02-24,2026-02-26
2023,1169561,COMMVAULT SYSTEMS INC,7372,cloud,CVLT,2006-09-22,2026-09-29,NASDAQ,listed,2022-05-06,2026-05-11
2023,1169652,CHANNELADVISOR CORP,7372,cloud,ECOM,2013-05-23,2022-11-15,NYSE,delisted,2022-02-10,2022-02-10
2023,1173489,CEVA INC,7370,cloud,CEVA,2002-11-01,2026-09-29,NASDAQ,listed,2022-03-01,2026-02-27
2023,1227025,NEOPHOTONICS CORP,3674,semis,NPTN,2011-02-02,2022-08-03,NYSE,delisted,2022-02-25,2022-02-25
2023,1261333,"DOCUSIGN, INC.",7372,cloud,DOCU,2018-04-27,2026-09-29,NASDAQ,listed,2022-03-25,2026-03-18
2023,1262039,"Fortinet, Inc.",3577,semis,FTNT,2009-11-18,2026-09-29,NASDAQ,listed,2022-02-25,2026-02-25
2023,1280263,AMBARELLA INC,3674,semis,AMBA,2012-10-10,2026-09-29,NASDAQ,listed,2022-04-01,2026-03-23
2023,1282631,NETLIST INC,3674,semis,,,,,unmapped,2022-03-01,2026-03-19
2023,1288469,"MAXLINEAR, INC",3674,semis,MXL,2010-03-24,2026-09-29,NASDAQ,listed,2022-02-02,2026-01-29
2023,1288847,"Five9, Inc.",7374,cloud,FIVN,2014-04-04,2026-09-29,NASDAQ,listed,2022-02-28,2026-02-20
2023,1296884,"Lightstone Value Plus REIT I, Inc.",6798,infra,,,,,unmapped,2022-03-23,2026-03-30
2023,1313275,BRIGHTCOVE INC,7374,cloud,BCOV,2012-02-17,2025-02-04,NASDAQ,delisted,2022-02-18,2024-02-22
2023,1315098,Roblox Corp,7372,cloud,RBLX,2021-03-10,2026-09-29,NYSE,listed,2022-02-25,2026-02-11
2023,1326801,"Meta Platforms, Inc.",7370,cloud,META,2012-05-18,2026-09-29,NASDAQ,listed,2022-02-03,2026-01-29
2023,1327567,Palo Alto Networks Inc,3577,semis,PANW,2012-07-20,2026-09-29,NASDAQ,listed,2022-09-06,2026-09-10
2023,1327688,OOMA INC,7374,cloud,OOMA,2015-07-17,2026-09-29,NYSE,listed,2022-04-08,2026-04-03
2023,1327811,"Workday, Inc.",7374,cloud,WDAY,2012-10-12,2026-09-29,NASDAQ,listed,2022-02-28,2026-03-06
2023,1341439,ORACLE CORP,7372,cloud,ORCL,1986-03-12,2026-09-29,NYSE,listed,2022-06-21,2026-06-22
2023,1348036,"AVALARA, INC.",7372,cloud,AVLR,2018-06-15,2022-10-28,NYSE,delisted,2022-02-24,2022-02-24
2023,1351636,"SOUNDTHINKING, INC.",7372,cloud,SSTI,2017-06-07,2026-09-29,NASDAQ,listed,2022-03-29,2026-03-30
2023,1353283,SPLUNK INC,7372,cloud,SPLK,2012-04-19,2026-09-29,NASDAQ,delisted,2022-03-24,2023-03-23
2023,1353538,"Appgate, Inc.",7372,cloud,,,,,unmapped,2022-03-31,2023-03-31
2023,1372612,BOX INC,7372,cloud,BOX,2015-01-23,2026-09-29,NYSE,listed,2022-03-16,2026-03-09
2023,1373715,"ServiceNow, Inc.",7372,cloud,NOW,2012-06-29,2026-09-29,NYSE,listed,2022-02-03,2026-01-29
2023,1375365,"Super Micro Computer, Inc.",3571,semis,SMCI,2007-03-29,2026-09-29,NASDAQ,listed,2022-08-29,2026-08-31
2023,1378590,"Bridgeline Digital, Inc.",7372,cloud,BLIN,2007-06-29,2026-09-29,NASDAQ,listed,2022-12-21,2025-12-19
2023,1384905,"RingCentral, Inc.",7374,cloud,RNG,2013-09-27,2026-09-29,NYSE,listed,2022-03-01,2026-02-27
2023,1389002,MARIN SOFTWARE INC,7374,cloud,,,,,unmapped,2022-02-24,2024-02-23
2023,1392972,"PROS Holdings, Inc.",7371,cloud,PRO,2007-07-26,2025-12-08,NYSE,delisted,2022-02-18,2025-02-12
2023,1393052,VEEVA SYSTEMS INC,7372,cloud,VEEV,2013-10-16,2026-09-29,NYSE,listed,2022-03-30,2026-03-20
2023,1394056,"ONE STOP SYSTEMS, INC.",3571,semis,OSS,2018-02-01,2026-09-29,NASDAQ,listed,2022-03-24,2026-03-18
2023,1396536,"DUOS TECHNOLOGIES GROUP, INC.",7372,cloud,DUOT,2015-04-10,2026-09-29,NASDAQ,listed,2022-03-31,2026-03-31
2023,1397183,"Iveda Solutions, Inc.",7372,cloud,IVDA,2015-10-15,2026-09-29,NASDAQ,listed,2022-03-31,2026-03-31
2023,1404655,HUBSPOT INC,7372,cloud,HUBS,2014-10-09,2026-09-29,NYSE,listed,2022-02-14,2026-02-11
2023,1410384,"Q2 Holdings, Inc.",7372,cloud,QTWO,2014-03-20,2026-09-29,NYSE,listed,2022-02-16,2026-02-11
2023,1418091,"TWITTER, INC.",7370,cloud,TWTR,2013-11-07,2022-10-28,NYSE,delisted,2022-02-16,2022-02-16
2023,1419951,Data Storage Corp,7374,cloud,DTST,2010-09-20,2026-09-29,NASDAQ,listed,2022-03-31,2026-04-14
2023,1422930,"PubMatic, Inc.",7370,cloud,PUBM,2020-12-09,2026-09-29,NASDAQ,listed,2022-03-01,2026-02-26
2023,1442145,"Verisk Analytics, Inc.",7374,cloud,VRSK,2009-10-07,2026-09-29,NASDAQ,listed,2022-02-22,2026-02-18
2023,1447380,MOBIVITY HOLDINGS CORP.,7372,cloud,,,,,unmapped,2022-03-30,2025-04-07
2023,1448056,"NEW RELIC, INC.",7372,cloud,NEWR,2014-12-12,2023-11-07,NYSE,delisted,2022-05-17,2023-05-23
2023,1454938,Teads Holding Co.,7370,cloud,TEAD,2021-07-23,2026-09-29,NASDAQ,listed,2022-03-18,2026-03-16
2023,1462056,"Backblaze, Inc.",7372,cloud,BLZE,2021-11-11,2026-09-29,NASDAQ,listed,2022-03-28,2026-03-10
2023,1462223,"Nixxy, Inc.",7371,cloud,NIXX,2008-11-20,2026-09-29,NASDAQ,listed,2022-03-31,2026-04-15
2023,1467623,"DROPBOX, INC.",7372,cloud,DBX,2018-03-23,2026-09-29,NASDAQ,listed,2022-02-18,2026-02-20
2023,1474432,"Everpure, Inc.",3572,semis,P,2015-10-07,2026-09-29,NYSE,listed,2022-04-07,2026-03-25
2023,1476840,"Expensify, Inc.",7372,cloud,EXFY,2021-11-10,2026-09-29,NASDAQ,listed,2022-03-31,2026-02-26
2023,1493594,"MACOM Technology Solutions Holdings, Inc.",3674,semis,MTSI,2012-03-15,2026-09-29,NASDAQ,listed,2022-11-14,2025-11-14
2023,1505952,"Huckleberry.ai, Inc.",7372,cloud,,,,,unmapped,2022-03-23,2026-04-16
2023,1517228,"Vistance Networks, Inc.",3663,network,VISN,2013-10-25,2026-09-29,NASDAQ,listed,2022-02-17,2026-02-26
2023,1517413,"Fastly, Inc.",7372,cloud,FSLY,2019-05-17,2026-09-29,NASDAQ,listed,2022-03-01,2026-02-25
2023,1534154,authID Inc.,7372,cloud,AUID,2017-11-17,2026-09-29,NASDAQ,listed,2022-03-22,2026-03-31
2023,1535527,"CrowdStrike Holdings, Inc.",7372,cloud,CRWD,2019-06-12,2026-09-29,NASDAQ,listed,2022-03-16,2026-03-05
2023,1540755,"Anaplan, Inc.",7372,cloud,PLAN,2018-10-12,2022-06-22,NYSE,delisted,2022-03-23,2022-03-23
2023,1553023,CyrusOne Holdco LLC,6798,infra,CONE,2013-01-18,2022-03-25,NASDAQ,delisted,2022-02-17,2022-02-17
2023,1557127,"UserTesting, Inc.",7372,cloud,USER,2021-11-17,2023-01-11,NYSE,delisted,2022-03-04,2022-03-04
2023,1567925,"Sila Realty Trust, Inc.",6798,infra,SILA,2021-02-05,2026-07-01,NYSE,delisted,2022-03-29,2026-02-25
2023,1568100,"PagerDuty, Inc.",7372,cloud,PD,2019-04-11,2026-09-29,NYSE,listed,2022-03-17,2026-03-12
2023,1569345,"Sprinklr, Inc.",7372,cloud,CXM,2021-06-23,2026-09-29,NYSE,listed,2022-04-11,2026-03-19
2023,1576169,"Benefitfocus, Inc.",7372,cloud,BNFT,2013-09-18,2023-01-24,NASDAQ,delisted,2022-03-04,2022-03-04
2023,1576914,MiX Telematics Ltd,7372,cloud,MIXT,2013-08-09,2026-09-29,NYSE,delisted,2022-06-14,2023-06-22
2023,1577526,"C3.ai, Inc.",7372,cloud,AI,2020-12-09,2026-09-29,NYSE,listed,2022-06-23,2026-06-24
2023,1580808,"A10 Networks, Inc.",3576,network,ATEN,2014-03-21,2026-09-29,NYSE,listed,2022-03-08,2026-02-25
2023,1582961,"DigitalOcean Holdings, Inc.",7370,cloud,DOCN,2021-03-24,2026-09-29,NYSE,listed,2022-02-25,2026-02-24
2023,1585521,"Zoom Communications, Inc.",7370,cloud,ZM,2019-04-18,2026-09-29,NASDAQ,listed,2022-03-07,2026-02-27
2023,1590955,"Paycom Software, Inc.",7372,cloud,PAYC,2014-04-15,2026-09-29,NYSE,listed,2022-02-17,2026-02-19
2023,1591698,Paylocity Holding Corp,7372,cloud,PCTY,2014-03-19,2026-09-29,NASDAQ,listed,2022-08-05,2026-08-05
2023,1595974,"MAGNITE, INC.",7370,cloud,MGNI,2014-04-02,2026-09-29,NASDAQ,listed,2022-02-23,2026-02-25
2023,1596532,"Arista Networks, Inc.",3576,network,ANET,2014-06-06,2026-09-29,NYSE,listed,2022-02-15,2026-02-17
2023,1609711,GoDaddy Inc.,7373,cloud,GDDY,2015-04-01,2026-09-29,NYSE,listed,2022-02-17,2026-02-25
2023,1614178,"Yext, Inc.",7374,cloud,YEXT,2017-04-13,2026-09-29,NYSE,listed,2022-03-18,2026-03-10
2023,1615165,"Veritone, Inc.",7374,cloud,VERI,2017-05-12,2026-09-29,NASDAQ,listed,2022-03-17,2026-04-15
2023,1616533,"Penguin Solutions, Inc.",3674,semis,PENG,2017-05-24,2026-09-29,NASDAQ,listed,2022-10-14,2025-10-21
2023,1617553,"ZIPRECRUITER, INC.",7370,cloud,ZIP,2021-05-26,2026-09-29,NYSE,listed,2022-03-03,2026-02-25
2023,1625278,"NERDWALLET, INC.",7374,cloud,NRDS,2021-11-04,2026-09-29,NASDAQ,listed,2022-03-24,2026-02-25
2023,1631282,DATASEA INC.,7372,cloud,DTSS,2016-04-06,2026-09-29,NASDAQ,listed,2022-09-28,2025-09-26
2023,1633978,Lumentum Holdings Inc.,3669,network,LITE,2015-08-04,2026-09-29,NASDAQ,listed,2022-08-24,2026-08-17
2023,1635136,DUO WORLD INC,7372,cloud,,,,,unmapped,2022-07-12,2023-07-13
2023,1636422,"Health Catalyst, Inc.",7370,cloud,HCAT,2019-07-25,2026-09-29,NASDAQ,listed,2022-03-01,2026-03-12
2023,1652044,Alphabet Inc.,7370,cloud,GOOGL,2004-08-19,2026-09-29,NASDAQ,listed,2022-02-02,2026-02-05
2023,1662684,"KULR Technology Group, Inc.",3670,semis,KULR,2018-07-18,2026-09-29,AMEX,listed,2022-03-28,2026-03-31
2023,1662972,"Blackstone Real Estate Income Trust, Inc.",6798,infra,,,,,unmapped,2022-03-14,2026-02-27
2023,1664998,"KnowBe4, Inc.",7370,cloud,KNBE,2021-04-22,2023-02-01,NASDAQ,delisted,2022-03-10,2022-03-10
2023,1666071,"Cardlytics, Inc.",7370,cloud,CDLX,2018-02-09,2026-09-29,NASDAQ,listed,2022-03-01,2026-03-04
2023,1667011,"Arteris, Inc.",3674,semis,AIP,2021-10-27,2026-09-29,NASDAQ,listed,2022-03-07,2026-02-12
2023,1674101,Vertiv Holdings Co,3679,semis,VRT,2018-07-30,2026-09-29,NYSE,listed,2022-03-01,2026-02-13
2023,1681622,Varex Imaging Corp,3679,semis,VREX,2017-01-20,2026-09-29,NASDAQ,listed,2022-11-18,2025-11-18
2023,1688568,DXC Technology Co,7374,cloud,DXC,2017-02-01,2026-09-29,NYSE,listed,2022-05-26,2026-05-08
2023,1689923,"Alteryx, Inc.",7372,cloud,AYX,2017-03-24,2024-03-18,NYSE,delisted,2022-02-15,2024-02-06
2023,1697851,"Rekor Systems, Inc.",3669,network,REKR,2017-08-29,2026-09-29,NASDAQ,listed,2022-03-31,2026-03-31
2023,1701732,Altair Engineering Inc.,7372,cloud,ALTR,2017-11-01,2025-03-26,NASDAQ,delisted,2022-02-28,2025-02-20
2023,1710583,"Switch, Inc.",7370,cloud,SWCH,2017-10-06,2022-12-05,NYSE,delisted,2022-03-01,2022-03-01
2023,1713683,"Zscaler, Inc.",7371,cloud,ZS,2018-03-16,2026-09-29,NASDAQ,listed,2022-09-15,2026-09-03
2023,1718939,T Stamp Inc,7372,cloud,IDAI,2021-02-24,2026-09-29,NASDAQ,listed,2022-04-07,2026-03-31
2023,1723648,"LiveVox Holdings, Inc.",7374,cloud,LVOX,2019-04-18,2023-12-22,NASDAQ,delisted,2022-03-11,2023-03-02
2023,1724570,DATTO HOLDING CORP.,7372,cloud,MSP,2020-10-21,2022-06-23,NYSE,delisted,2022-02-23,2022-02-23
2023,1729750,"Kubient, Inc.",7373,cloud,,,,,unmapped,2022-03-31,2023-03-30
2023,1730168,Broadcom Inc.,3674,semis,AVGO,2009-08-06,2026-09-29,NASDAQ,listed,2022-12-16,2025-12-18
2023,1737372,"Sysorex, Inc.",7371,cloud,,,,,unmapped,2022-04-14,2023-06-13
2023,1739936,MOMENTIVE GLOBAL INC.,7370,cloud,MNTV,2018-09-26,2023-05-31,NASDAQ,delisted,2022-02-14,2023-02-17
2023,1740797,"AVAI BIO, INC.",7374,cloud,,,,,unmapped,2022-06-29,2026-07-14
2023,1743759,"Corsair Gaming, Inc.",3577,semis,CRSR,2020-09-23,2026-09-29,NASDAQ,listed,2022-03-01,2026-02-25
2023,1747748,Qualtrics International Inc.,7372,cloud,XM,2021-01-28,2023-06-28,NASDAQ,delisted,2022-03-01,2023-02-24
2023,1752474,KLDiscovery Inc.,7370,cloud,,,,,unmapped,2022-03-17,2024-03-28
2023,1758009,Quantum Computing Inc.,7372,cloud,QUBT,2018-08-01,2026-09-29,NASDAQ,listed,2022-03-15,2026-03-02
2023,1777946,"IronNet, Inc.",7372,cloud,DFNS,2020-03-23,2026-02-06,NYSE,delisted,2022-05-02,2023-05-16
2023,1783317,McAfee Corp.,7372,cloud,MCFE,2020-10-22,2022-09-16,NASDAQ,delisted,2022-02-23,2022-02-23
2023,1784970,Next Technology Holding Inc.,7374,cloud,NXTT,2020-07-23,2026-09-29,NASDAQ,listed,2022-04-14,2026-03-31
2023,1785592,"Leafly Holdings, Inc. /DE",7372,cloud,,,,,unmapped,2022-03-31,2025-03-31
2023,1794905,"Cyxtera Technologies, Inc.",7370,cloud,,,,,unmapped,2022-03-25,2023-03-16
2023,1800347,"E2open Parent Holdings, Inc.",7374,cloud,ETWO,2020-06-15,2026-09-29,NYSE,delisted,2022-04-29,2025-04-29
2023,1806837,"Vertex, Inc.",7372,cloud,VERX,2020-07-29,2026-09-29,NASDAQ,listed,2022-03-16,2026-02-24
2023,1807166,Amesite Inc.,7372,cloud,AMST,2020-09-25,2026-09-29,NASDAQ,listed,2022-09-28,2026-09-23
2023,1807794,Credo Technology Group Holding Ltd,3674,semis,CRDO,2022-01-27,2026-09-29,NASDAQ,listed,2022-06-08,2026-06-15
2023,1810019,"Rackspace Technology, Inc.",7370,cloud,RXT,2020-08-05,2026-09-29,NASDAQ,listed,2022-03-01,2026-03-06
2023,1810806,Unity Software Inc.,7372,cloud,U,2020-09-18,2026-09-29,NYSE,listed,2022-02-22,2026-02-11
2023,1818201,CCC Intelligent Solutions Holdings Inc.,7372,cloud,CCC,2021-08-02,2026-09-29,NASDAQ,listed,2022-03-01,2026-02-24
2023,1819394,"Matterport, Inc./DE",7372,cloud,MTTR,2021-02-02,2025-02-28,NASDAQ,delisted,2022-03-18,2025-02-26
2023,1819928,"DoubleVerify Holdings, Inc.",7370,cloud,DV,2021-04-21,2026-09-29,NYSE,listed,2022-03-08,2026-02-26
2023,1821769,Navitas Semiconductor Corp,3674,semis,NVTS,2021-01-25,2026-09-29,NASDAQ,listed,2022-03-31,2026-02-27
2023,1823593,TuSimple Holdings Inc.,7373,cloud,TSPQ,2021-04-22,2022-12-15,NYSE,delisted,2022-02-24,2023-09-07
2023,1827075,CVENT HOLDING CORP.,7372,cloud,CVT,2021-12-09,2023-06-15,NASDAQ,delisted,2022-03-07,2023-03-14
2023,1828108,"Aurora Innovation, Inc.",7373,cloud,AUR,2021-05-10,2026-09-29,NASDAQ,listed,2022-03-11,2026-02-11
2023,1829864,"TaskUs, Inc.",7374,cloud,TASK,2021-06-11,2026-09-29,NASDAQ,listed,2022-03-09,2026-03-05
2023,1830043,Bumble Inc.,7370,cloud,BMBL,2021-02-11,2026-09-29,NASDAQ,listed,2022-03-16,2026-03-16
2023,1831840,"SEMrush Holdings, Inc.",7372,cloud,SEMR,2021-03-24,2026-04-28,NYSE,delisted,2022-03-18,2026-03-02
2023,1833908,"Alfi, Inc.",7370,cloud,,,,,unmapped,2022-05-16,2022-05-16
2023,1834488,"N-able, Inc.",7372,cloud,NABL,2021-07-19,2026-09-29,NYSE,listed,2022-03-08,2026-02-26
2023,1834494,"MeridianLink, Inc.",7372,cloud,MLNK,2021-07-27,2025-10-23,NYSE,delisted,2022-03-10,2025-03-13
2023,1835632,"Marvell Technology, Inc.",3674,semis,MRVL,2000-06-30,2026-09-29,NASDAQ,listed,2022-03-10,2026-03-11
2023,1835681,"POWERSCHOOL HOLDINGS, INC.",7372,cloud,PWSC,2021-07-28,2024-10-01,NYSE,delisted,2022-03-24,2024-03-01
2023,1836981,"BigBear.ai Holdings, Inc.",7372,cloud,BBAI,2021-12-17,2026-09-29,NYSE,listed,2022-03-31,2026-03-02
2023,1838672,"AdTheorent Holding Company, Inc.",7370,cloud,ADTH,2021-12-23,2024-06-21,NASDAQ,delisted,2022-03-17,2024-03-12
2023,1839285,"Healthcare Triangle, Inc.",7373,cloud,HCTI,2021-10-13,2026-09-29,NASDAQ,listed,2022-03-08,2026-04-15
2023,1839439,"PAYCOR HCM, INC.",7372,cloud,PYCR,2021-07-21,2025-04-14,NASDAQ,delisted,2022-08-24,2024-08-22
2023,1840856,"SOUNDHOUND AI, INC.",7372,cloud,SOUN,2022-04-28,2026-09-29,NASDAQ,listed,2022-03-09,2026-03-02
2023,1842718,INTEGRAL AD SCIENCE HOLDING CORP.,7370,cloud,IAS,2021-06-30,2025-12-23,NASDAQ,delisted,2022-03-03,2025-02-28
2023,1851003,Zeta Global Holdings Corp.,7372,cloud,ZETA,2021-06-10,2026-09-29,NYSE,listed,2022-02-25,2026-02-25
2023,1852117,Rockley Photonics Holdings Ltd,3674,semis,RKLY,2021-08-12,2023-03-15,NYSE,delisted,2022-03-10,2023-05-15
2023,1858257,"AvidXchange Holdings, Inc.",7372,cloud,AVDX,2021-10-13,2025-10-15,NASDAQ,delisted,2022-03-14,2025-02-28
2023,1866368,"Clearwater Analytics Holdings, Inc.",7372,cloud,CWAN,2021-09-24,2026-07-02,NYSE,delisted,2022-03-16,2026-02-18
2023,1867072,"Kyndryl Holdings, Inc.",7373,cloud,KD,2021-10-22,2026-09-29,NYSE,listed,2022-03-10,2026-05-29
2023,1868778,Informatica Inc.,7372,cloud,INFA,2021-10-27,2026-09-29,NYSE,delisted,2022-03-24,2025-02-25
2023,1874097,Cyngn Inc.,7371,cloud,CYN,2021-10-20,2026-09-29,NASDAQ,listed,2022-03-24,2026-03-27
2023,1902733,"nCino, Inc.",7372,cloud,NCNO,2020-07-14,2026-09-29,NASDAQ,listed,2022-03-31,2026-03-31
2024,2488,ADVANCED MICRO DEVICES INC,3674,semis,AMD,1983-03-21,2026-09-29,NASDAQ,listed,2023-02-27,2026-02-04
2024,8670,AUTOMATIC DATA PROCESSING INC,7374,cloud,ADP,1983-04-06,2026-09-29,NASDAQ,listed,2023-08-03,2026-08-05
2024,23111,COMPUTER TASK GROUP INC,7371,cloud,CTG,1988-01-05,2023-12-13,NASDAQ,delisted,2023-03-15,2023-03-15
2024,50471,"ReposiTrak, Inc.",7374,cloud,TRAK,2005-12-13,2026-09-29,NYSE,listed,2023-09-28,2026-09-28
2024,50863,INTEL CORP,3674,semis,INTC,1980-03-17,2026-09-29,NASDAQ,listed,2023-01-27,2026-01-23
2024,51143,INTERNATIONAL BUSINESS MACHINES CORP,3570,semis,IBM,1962-01-02,2026-09-29,NYSE,listed,2023-02-28,2026-02-24
2024,709283,QUANTUM CORP /DE/,3572,semis,QMCO,1999-08-02,2026-09-29,NASDAQ,listed,2023-06-06,2026-06-25
2024,713425,"LOGILITY SUPPLY CHAIN SOLUTIONS, INC",7372,cloud,AMSWA,1984-09-07,2024-10-01,NASDAQ,delisted,2023-07-13,2024-07-01
2024,718877,"Activision Blizzard, Inc.",7372,cloud,ATVI,1993-10-25,2023-10-13,NASDAQ,delisted,2023-02-23,2023-02-23
2024,723125,MICRON TECHNOLOGY INC,3674,semis,MU,1989-05-16,2026-09-29,NASDAQ,listed,2023-10-06,2025-10-03
2024,746838,UNISYS CORP,7373,cloud,UIS,1972-06-01,2026-09-29,NYSE,listed,2023-03-01,2026-02-25
2024,751978,VICOR CORP,3679,semis,VICR,1991-11-27,2026-09-29,NASDAQ,listed,2023-02-28,2026-03-02
2024,779152,JACK HENRY & ASSOCIATES INC,7373,cloud,JKHY,1990-03-26,2026-09-29,NASDAQ,listed,2023-08-24,2026-08-28
2024,789019,MICROSOFT CORP,7372,cloud,MSFT,1986-03-13,2026-09-29,NASDAQ,listed,2023-07-27,2026-07-29
2024,796343,ADOBE INC.,7372,cloud,ADBE,1986-08-14,2026-09-29,NASDAQ,listed,2023-01-17,2026-01-15
2024,804328,QUALCOMM INC/DE,3663,network,QCOM,1991-12-16,2026-09-29,NASDAQ,listed,2023-11-01,2025-11-05
2024,813672,CADENCE DESIGN SYSTEMS INC,7372,cloud,CDNS,1990-03-26,2026-09-29,NASDAQ,listed,2023-02-13,2026-02-19
2024,817720,SYNAPTICS Inc,3674,semis,SYNA,2002-01-29,2026-09-29,NASDAQ,listed,2023-08-18,2026-08-10
2024,824142,"AAON, INC.",3585,infra,AAON,1992-12-16,2026-09-29,NASDAQ,listed,2023-02-27,2026-03-02
2024,833444,Johnson Controls International plc,3585,infra,JCI,1985-03-27,2026-09-29,NYSE,listed,2023-12-14,2025-11-14
2024,855658,LATTICE SEMICONDUCTOR CORP,3674,semis,LSCC,1990-03-26,2026-09-29,NASDAQ,listed,2023-02-17,2026-02-13
2024,858877,"CISCO SYSTEMS, INC.",3576,network,CSCO,1990-03-26,2026-09-29,NASDAQ,listed,2023-09-07,2026-09-02
2024,860546,COPT DEFENSE PROPERTIES,6798,infra,CDP,1991-12-31,2026-09-29,NYSE,listed,2023-02-24,2026-02-20
2024,883241,SYNOPSYS INC,7372,cloud,SNPS,1992-02-26,2026-09-29,NASDAQ,listed,2023-12-12,2025-12-22
2024,890394,Peraso Inc.,3674,semis,PRSO,2001-06-28,2026-09-29,NASDAQ,listed,2023-03-29,2026-03-30
2024,896878,INTUIT INC.,7372,cloud,INTU,1993-03-22,2026-09-29,NASDAQ,listed,2023-09-01,2026-09-09
2024,897723,SANMINA CORP,3672,semis,SANM,1993-06-22,2026-09-29,NASDAQ,listed,2023-11-16,2025-11-13
2024,903651,INNODATA INC,7374,cloud,INOD,1993-08-11,2026-09-29,NASDAQ,listed,2023-02-24,2026-02-26
2024,917273,RAMBUS INC,3674,semis,RMBS,1997-05-14,2026-09-29,NASDAQ,listed,2023-02-24,2026-02-18
2024,927003,ADVANCED ENERGY INDUSTRIES INC,3679,semis,AEIS,1995-11-17,2026-09-29,NASDAQ,listed,2023-02-17,2026-02-13
2024,935036,"ACI WORLDWIDE, INC.",7372,cloud,ACIW,1995-02-27,2026-09-29,NASDAQ,listed,2023-03-01,2026-02-26
2024,936395,CIENA CORP,3661,network,CIEN,1997-02-07,2026-09-29,NYSE,listed,2023-12-15,2025-12-12
2024,1002047,"NetApp, Inc.",3572,semis,NTAP,1995-11-21,2026-09-29,NASDAQ,listed,2023-06-14,2026-06-05
2024,1013237,FACTSET RESEARCH SYSTEMS INC,7370,cloud,FDS,1996-06-28,2026-09-29,NYSE,listed,2023-10-27,2025-10-22
2024,1013462,ANSYS INC,7372,cloud,ANSS,1996-06-21,2026-09-29,NASDAQ,delisted,2023-02-22,2025-02-19
2024,1014473,VERISIGN INC/CA,7371,cloud,VRSN,1998-01-30,2026-09-29,NASDAQ,listed,2023-02-17,2026-02-05
2024,1020569,IRON MOUNTAIN INC,6798,infra,IRM,1996-02-01,2026-09-29,NYSE,listed,2023-02-23,2026-02-12
2024,1023459,"Simulations Plus, Inc.",7373,cloud,SLP,1997-06-19,2026-09-29,NASDAQ,listed,2023-10-27,2025-12-01
2024,1023731,8X8 INC /DE/,7374,cloud,EGHT,1997-07-02,2026-09-29,NASDAQ,listed,2023-05-25,2026-05-22
2024,1034760,WIDEPOINT CORP,7373,cloud,WYY,1998-05-19,2026-09-29,AMEX,listed,2023-03-31,2026-03-25
2024,1043604,JUNIPER NETWORKS INC,3576,network,JNPR,1999-06-25,2025-07-02,NYSE,delisted,2023-02-10,2025-02-21
2024,1045810,NVIDIA CORP,3674,semis,NVDA,1999-01-22,2026-09-29,NASDAQ,listed,2023-02-24,2026-02-25
2024,1047127,"AMKOR TECHNOLOGY, INC.",3674,semis,AMKR,1998-05-01,2026-09-29,NASDAQ,listed,2023-02-22,2026-02-20
2024,1048695,"F5, INC.",3576,network,FFIV,1999-06-04,2026-09-29,NASDAQ,listed,2023-11-14,2025-11-25
2024,1053507,AMERICAN TOWER CORP /MA/,6798,infra,AMT,1998-02-27,2026-09-29,NYSE,listed,2023-02-23,2026-02-24
2024,1066194,EGAIN Corp,7372,cloud,EGAN,1999-09-23,2026-09-29,NASDAQ,listed,2023-09-14,2026-09-10
2024,1070235,BLACKBERRY Ltd,7372,cloud,BB,1999-02-04,2026-09-29,NYSE,listed,2023-03-31,2026-04-09
2024,1078271,EXTREME NETWORKS INC,3576,network,EXTR,1999-04-09,2026-09-29,NASDAQ,listed,2023-08-24,2026-08-17
2024,1081745,"INTELLINETICS, INC.",7372,cloud,INLX,2015-03-10,2026-09-29,AMEX,listed,2023-03-27,2026-03-30
2024,1085869,PERFICIENT INC,7371,cloud,PRFT,1999-07-29,2024-10-10,NASDAQ,delisted,2023-02-28,2024-02-27
2024,1101239,EQUINIX INC,6798,infra,EQIX,2000-08-11,2026-09-29,NASDAQ,listed,2023-02-17,2026-02-11
2024,1102993,LIVEPERSON INC,7372,cloud,LPSN,2000-04-07,2026-09-29,NASDAQ,listed,2023-03-16,2026-03-16
2024,1108524,"Salesforce, Inc.",7372,cloud,CRM,2004-06-23,2026-09-29,NYSE,listed,2023-03-08,2026-03-02
2024,1110611,ON24 INC.,7372,cloud,ONTF,2021-02-03,2026-04-01,NYSE,delisted,2023-03-15,2026-03-12
2024,1114925,LANTRONIX INC,3576,network,LTRX,2000-08-04,2026-09-29,NASDAQ,listed,2023-09-12,2026-08-27
2024,1116942,TTM TECHNOLOGIES INC,3672,semis,TTMI,2000-09-25,2026-09-29,NASDAQ,listed,2023-03-03,2026-02-17
2024,1118417,"MODEL N, INC.",7370,cloud,MODN,2013-03-20,2024-06-27,NYSE,delisted,2023-11-17,2023-11-17
2024,1121795,GHST World Inc.,7372,cloud,,,,,unmapped,2023-10-13,2025-10-14
2024,1124610,VMWARE LLC,7372,cloud,VMW,2007-08-15,2023-11-22,NYSE,delisted,2023-03-28,2023-03-28
2024,1126741,GSI TECHNOLOGY INC,3674,semis,GSIT,2007-03-29,2026-09-29,NASDAQ,listed,2023-06-28,2026-06-05
2024,1131903,SPECTRAL CAPITAL Corp,7374,cloud,,,,,unmapped,2023-03-27,2026-03-31
2024,1137789,Seagate Technology Holdings plc,3572,semis,STX,2002-12-11,2026-09-29,NASDAQ,listed,2023-08-04,2026-08-04
2024,1144879,Applied Digital Corp.,7374,cloud,APLD,2008-10-22,2026-09-29,NASDAQ,listed,2023-08-02,2026-07-29
2024,1158114,"APPLIED OPTOELECTRONICS, INC.",3674,semis,AAOI,2013-09-26,2026-09-29,NASDAQ,listed,2023-02-27,2026-02-26
2024,1166388,VERINT SYSTEMS INC,7373,cloud,VRNT,2002-05-16,2025-11-26,NASDAQ,delisted,2023-03-29,2025-03-26
2024,1169561,COMMVAULT SYSTEMS INC,7372,cloud,CVLT,2006-09-22,2026-09-29,NASDAQ,listed,2023-05-05,2026-05-11
2024,1173489,CEVA INC,7370,cloud,CEVA,2002-11-01,2026-09-29,NASDAQ,listed,2023-03-01,2026-02-27
2024,1174891,"TerraVolt Holdings, Inc.",6798,infra,,,,,unmapped,2023-04-17,2026-03-31
2024,1178727,COMSovereign Holding Corp.,3669,network,,,,,unmapped,2023-12-07,2023-12-07
2024,1261333,"DOCUSIGN, INC.",7372,cloud,DOCU,2018-04-27,2026-09-29,NASDAQ,listed,2023-03-27,2026-03-18
2024,1262039,"Fortinet, Inc.",3577,semis,FTNT,2009-11-18,2026-09-29,NASDAQ,listed,2023-02-24,2026-02-25
2024,1280263,AMBARELLA INC,3674,semis,AMBA,2012-10-10,2026-09-29,NASDAQ,listed,2023-03-31,2026-03-23
2024,1282631,NETLIST INC,3674,semis,,,,,unmapped,2023-02-28,2026-03-19
2024,1288469,"MAXLINEAR, INC",3674,semis,MXL,2010-03-24,2026-09-29,NASDAQ,listed,2023-02-01,2026-01-29
2024,1288847,"Five9, Inc.",7374,cloud,FIVN,2014-04-04,2026-09-29,NASDAQ,listed,2023-02-24,2026-02-20
2024,1290658,"IIOT-OXYS, Inc.",7372,cloud,,,,,unmapped,2023-04-13,2026-05-11
2024,1315098,Roblox Corp,7372,cloud,RBLX,2021-03-10,2026-09-29,NYSE,listed,2023-02-28,2026-02-11
2024,1326801,"Meta Platforms, Inc.",7370,cloud,META,2012-05-18,2026-09-29,NASDAQ,listed,2023-02-02,2026-01-29
2024,1327567,Palo Alto Networks Inc,3577,semis,PANW,2012-07-20,2026-09-29,NASDAQ,listed,2023-09-01,2026-09-10
2024,1327688,OOMA INC,7374,cloud,OOMA,2015-07-17,2026-09-29,NYSE,listed,2023-04-07,2026-04-03
2024,1327811,"Workday, Inc.",7374,cloud,WDAY,2012-10-12,2026-09-29,NASDAQ,listed,2023-02-27,2026-03-06
2024,1341439,ORACLE CORP,7372,cloud,ORCL,1986-03-12,2026-09-29,NYSE,listed,2023-06-20,2026-06-22
2024,1351636,"SOUNDTHINKING, INC.",7372,cloud,SSTI,2017-06-07,2026-09-29,NASDAQ,listed,2023-03-14,2026-03-30
2024,1353538,"Appgate, Inc.",7372,cloud,,,,,unmapped,2023-03-31,2023-03-31
2024,1372612,BOX INC,7372,cloud,BOX,2015-01-23,2026-09-29,NYSE,listed,2023-03-13,2026-03-09
2024,1373715,"ServiceNow, Inc.",7372,cloud,NOW,2012-06-29,2026-09-29,NYSE,listed,2023-01-31,2026-01-29
2024,1375365,"Super Micro Computer, Inc.",3571,semis,SMCI,2007-03-29,2026-09-29,NASDAQ,listed,2023-08-28,2026-08-31
2024,1378590,"Bridgeline Digital, Inc.",7372,cloud,BLIN,2007-06-29,2026-09-29,NASDAQ,listed,2023-12-27,2025-12-19
2024,1384905,"RingCentral, Inc.",7374,cloud,RNG,2013-09-27,2026-09-29,NYSE,listed,2023-02-23,2026-02-27
2024,1389002,MARIN SOFTWARE INC,7374,cloud,,,,,unmapped,2023-02-23,2024-02-23
2024,1392972,"PROS Holdings, Inc.",7371,cloud,PRO,2007-07-26,2025-12-08,NYSE,delisted,2023-02-15,2025-02-12
2024,1394056,"ONE STOP SYSTEMS, INC.",3571,semis,OSS,2018-02-01,2026-09-29,NASDAQ,listed,2023-03-23,2026-03-18
2024,1396536,"DUOS TECHNOLOGIES GROUP, INC.",7372,cloud,DUOT,2015-04-10,2026-09-29,NASDAQ,listed,2023-03-31,2026-03-31
2024,1397183,"Iveda Solutions, Inc.",7372,cloud,IVDA,2015-10-15,2026-09-29,NASDAQ,listed,2023-03-31,2026-03-31
2024,1404655,HUBSPOT INC,7372,cloud,HUBS,2014-10-09,2026-09-29,NYSE,listed,2023-02-16,2026-02-11
2024,1410384,"Q2 Holdings, Inc.",7372,cloud,QTWO,2014-03-20,2026-09-29,NYSE,listed,2023-02-21,2026-02-11
2024,1419951,Data Storage Corp,7374,cloud,DTST,2010-09-20,2026-09-29,NASDAQ,listed,2023-03-31,2026-04-14
2024,1422930,"PubMatic, Inc.",7370,cloud,PUBM,2020-12-09,2026-09-29,NASDAQ,listed,2023-02-28,2026-02-26
2024,1442145,"Verisk Analytics, Inc.",7374,cloud,VRSK,2009-10-07,2026-09-29,NASDAQ,listed,2023-02-28,2026-02-18
2024,1447380,MOBIVITY HOLDINGS CORP.,7372,cloud,,,,,unmapped,2023-04-03,2025-04-07
2024,1448056,"NEW RELIC, INC.",7372,cloud,NEWR,2014-12-12,2023-11-07,NYSE,delisted,2023-05-23,2023-05-23
2024,1454938,Teads Holding Co.,7370,cloud,TEAD,2021-07-23,2026-09-29,NASDAQ,listed,2023-03-15,2026-03-16
2024,1462056,"Backblaze, Inc.",7372,cloud,BLZE,2021-11-11,2026-09-29,NASDAQ,listed,2023-03-31,2026-03-10
2024,1467623,"DROPBOX, INC.",7372,cloud,DBX,2018-03-23,2026-09-29,NASDAQ,listed,2023-02-23,2026-02-20
2024,1474432,"Everpure, Inc.",3572,semis,P,2015-10-07,2026-09-29,NYSE,listed,2023-04-03,2026-03-25
2024,1493594,"MACOM Technology Solutions Holdings, Inc.",3674,semis,MTSI,2012-03-15,2026-09-29,NASDAQ,listed,2023-11-13,2025-11-14
2024,1505952,"Huckleberry.ai, Inc.",7372,cloud,,,,,unmapped,2023-03-27,2026-04-16
2024,1517228,"Vistance Networks, Inc.",3663,network,VISN,2013-10-25,2026-09-29,NASDAQ,listed,2023-02-23,2026-02-26
2024,1517413,"Fastly, Inc.",7372,cloud,FSLY,2019-05-17,2026-09-29,NASDAQ,listed,2023-02-27,2026-02-25
2024,1528396,"Guidewire Software, Inc.",7372,cloud,GWRE,2012-01-25,2026-09-29,NYSE,listed,2023-09-18,2026-09-11
2024,1535527,"CrowdStrike Holdings, Inc.",7372,cloud,CRWD,2019-06-12,2026-09-29,NASDAQ,listed,2023-03-09,2026-03-05
2024,1562088,"Duolingo, Inc.",7372,cloud,DUOL,2021-07-28,2026-09-29,NASDAQ,listed,2023-03-01,2026-02-27
2024,1565687,"Intapp, Inc.",7372,cloud,INTA,2021-06-30,2026-09-29,NASDAQ,listed,2023-09-07,2026-08-14
2024,1566469,"NantHealth, Inc.",7374,cloud,,,,,unmapped,2023-04-14,2023-04-14
2024,1567925,"Sila Realty Trust, Inc.",6798,infra,SILA,2021-02-05,2026-07-01,NYSE,delisted,2023-03-16,2026-02-25
2024,1568100,"PagerDuty, Inc.",7372,cloud,PD,2019-04-11,2026-09-29,NYSE,listed,2023-03-16,2026-03-12
2024,1569345,"Sprinklr, Inc.",7372,cloud,CXM,2021-06-23,2026-09-29,NYSE,listed,2023-04-03,2026-03-19
2024,1576914,MiX Telematics Ltd,7372,cloud,MIXT,2013-08-09,2026-09-29,NYSE,delisted,2023-06-22,2023-06-22
2024,1577526,"C3.ai, Inc.",7372,cloud,AI,2020-12-09,2026-09-29,NYSE,listed,2023-06-22,2026-06-24
2024,1580808,"A10 Networks, Inc.",3576,network,ATEN,2014-03-21,2026-09-29,NYSE,listed,2023-02-27,2026-02-25
2024,1582961,"DigitalOcean Holdings, Inc.",7370,cloud,DOCN,2021-03-24,2026-09-29,NYSE,listed,2023-02-22,2026-02-24
2024,1585521,"Zoom Communications, Inc.",7370,cloud,ZM,2019-04-18,2026-09-29,NASDAQ,listed,2023-03-03,2026-02-27
2024,1590955,"Paycom Software, Inc.",7372,cloud,PAYC,2014-04-15,2026-09-29,NYSE,listed,2023-02-16,2026-02-19
2024,1591698,Paylocity Holding Corp,7372,cloud,PCTY,2014-03-19,2026-09-29,NASDAQ,listed,2023-08-04,2026-08-05
2024,1593549,"Livento Group, Inc.",7372,cloud,,,,,unmapped,2023-03-31,2026-05-01
2024,1595974,"MAGNITE, INC.",7370,cloud,MGNI,2014-04-02,2026-09-29,NASDAQ,listed,2023-02-22,2026-02-25
2024,1596532,"Arista Networks, Inc.",3576,network,ANET,2014-06-06,2026-09-29,NYSE,listed,2023-02-14,2026-02-17
2024,1609711,GoDaddy Inc.,7373,cloud,GDDY,2015-04-01,2026-09-29,NYSE,listed,2023-02-16,2026-02-25
2024,1614178,"Yext, Inc.",7374,cloud,YEXT,2017-04-13,2026-09-29,NYSE,listed,2023-03-17,2026-03-10
2024,1615165,"Veritone, Inc.",7374,cloud,VERI,2017-05-12,2026-09-29,NASDAQ,listed,2023-03-16,2026-04-15
2024,1616533,"Penguin Solutions, Inc.",3674,semis,PENG,2017-05-24,2026-09-29,NASDAQ,listed,2023-10-20,2025-10-21
2024,1617553,"ZIPRECRUITER, INC.",7370,cloud,ZIP,2021-05-26,2026-09-29,NYSE,listed,2023-02-27,2026-02-25
2024,1618732,"Nutanix, Inc.",7372,cloud,NTNX,2016-09-30,2026-09-29,NASDAQ,listed,2023-09-21,2026-09-18
2024,1625278,"NERDWALLET, INC.",7374,cloud,NRDS,2021-11-04,2026-09-29,NASDAQ,listed,2023-02-23,2026-02-25
2024,1627475,"UPWORK, INC",7374,cloud,UPWK,2018-10-03,2026-09-29,NASDAQ,listed,2023-02-16,2026-02-13
2024,1631282,DATASEA INC.,7372,cloud,DTSS,2016-04-06,2026-09-29,NASDAQ,listed,2023-09-27,2025-09-26
2024,1633978,Lumentum Holdings Inc.,3669,network,LITE,2015-08-04,2026-09-29,NASDAQ,listed,2023-08-23,2026-08-17
2024,1635136,DUO WORLD INC,7372,cloud,,,,,unmapped,2023-07-13,2023-07-13
2024,1636422,"Health Catalyst, Inc.",7370,cloud,HCAT,2019-07-25,2026-09-29,NASDAQ,listed,2023-02-28,2026-03-12
2024,1640147,Snowflake Inc.,7372,cloud,SNOW,2020-09-16,2026-09-29,NYSE,listed,2023-03-29,2026-03-20
2024,1645590,Hewlett Packard Enterprise Co,3570,semis,HPE,2015-10-19,2026-09-29,NYSE,listed,2023-12-22,2025-12-18
2024,1650372,Atlassian Corp,7372,cloud,TEAM,2015-12-10,2026-09-29,NASDAQ,listed,2023-08-18,2026-08-14
2024,1652044,Alphabet Inc.,7370,cloud,GOOGL,2004-08-19,2026-09-29,NASDAQ,listed,2023-02-03,2026-02-05
2024,1662684,"KULR Technology Group, Inc.",3670,semis,KULR,2018-07-18,2026-09-29,AMEX,listed,2023-03-28,2026-03-31
2024,1662972,"Blackstone Real Estate Income Trust, Inc.",6798,infra,,,,,unmapped,2023-03-17,2026-02-27
2024,1666071,"Cardlytics, Inc.",7370,cloud,CDLX,2018-02-09,2026-09-29,NASDAQ,listed,2023-03-01,2026-03-04
2024,1667011,"Arteris, Inc.",3674,semis,AIP,2021-10-27,2026-09-29,NASDAQ,listed,2023-03-01,2026-02-12
2024,1667313,"Zedge, Inc.",7372,cloud,ZDGE,2016-05-26,2026-09-29,AMEX,listed,2023-10-30,2025-10-28
2024,1674101,Vertiv Holdings Co,3679,semis,VRT,2018-07-30,2026-09-29,NYSE,listed,2023-02-27,2026-02-13
2024,1681622,Varex Imaging Corp,3679,semis,VREX,2017-01-20,2026-09-29,NASDAQ,listed,2023-11-16,2025-11-18
2024,1688568,DXC Technology Co,7374,cloud,DXC,2017-02-01,2026-09-29,NYSE,listed,2023-05-19,2026-05-08
2024,1689923,"Alteryx, Inc.",7372,cloud,AYX,2017-03-24,2024-03-18,NYSE,delisted,2023-02-10,2024-02-06
2024,1697851,"Rekor Systems, Inc.",3669,network,REKR,2017-08-29,2026-09-29,NASDAQ,listed,2023-03-29,2026-03-31
2024,1701732,Altair Engineering Inc.,7372,cloud,ALTR,2017-11-01,2025-03-26,NASDAQ,delisted,2023-02-24,2025-02-20
2024,1707753,Elastic N.V.,7372,cloud,ESTC,2018-10-05,2026-09-29,NYSE,listed,2023-06-16,2026-06-08
2024,1713683,"Zscaler, Inc.",7371,cloud,ZS,2018-03-16,2026-09-29,NASDAQ,listed,2023-09-14,2026-09-03
2024,1715768,"Transphorm, Inc.",3674,semis,TGAN,2020-07-29,2024-06-28,NASDAQ,delisted,2023-06-28,2023-06-28
2024,1718939,T Stamp Inc,7372,cloud,IDAI,2021-02-24,2026-09-29,NASDAQ,listed,2023-03-30,2026-03-31
2024,1723648,"LiveVox Holdings, Inc.",7374,cloud,LVOX,2019-04-18,2023-12-22,NASDAQ,delisted,2023-03-02,2023-03-02
2024,1729750,"Kubient, Inc.",7373,cloud,,,,,unmapped,2023-03-30,2023-03-30
2024,1730168,Broadcom Inc.,3674,semis,AVGO,2009-08-06,2026-09-29,NASDAQ,listed,2023-12-14,2025-12-18
2024,1737372,"Sysorex, Inc.",7371,cloud,,,,,unmapped,2023-06-13,2023-06-13
2024,1739936,MOMENTIVE GLOBAL INC.,7370,cloud,MNTV,2018-09-26,2023-05-31,NASDAQ,delisted,2023-02-17,2023-02-17
2024,1739942,SolarWinds Corp,7372,cloud,SWI,2018-10-19,2025-04-16,NYSE,delisted,2023-02-22,2025-02-19
2024,1740797,"AVAI BIO, INC.",7374,cloud,,,,,unmapped,2023-06-30,2026-07-14
2024,1743759,"Corsair Gaming, Inc.",3577,semis,CRSR,2020-09-23,2026-09-29,NASDAQ,listed,2023-02-27,2026-02-25
2024,1747748,Qualtrics International Inc.,7372,cloud,XM,2021-01-28,2023-06-28,NASDAQ,delisted,2023-02-24,2023-02-24
2024,1752474,KLDiscovery Inc.,7370,cloud,,,,,unmapped,2023-03-16,2024-03-28
2024,1758009,Quantum Computing Inc.,7372,cloud,QUBT,2018-08-01,2026-09-29,NASDAQ,listed,2023-03-30,2026-03-02
2024,1768267,Cerence Inc.,7372,cloud,CRNC,2019-09-16,2026-09-29,NASDAQ,listed,2023-11-29,2025-11-20
2024,1773383,"Dynatrace, Inc.",7372,cloud,DT,2019-08-01,2026-09-29,NYSE,listed,2023-05-25,2026-05-20
2024,1777946,"IronNet, Inc.",7372,cloud,DFNS,2020-03-23,2026-02-06,NYSE,delisted,2023-05-16,2023-05-16
2024,1788999,Xperi Inc.,7372,cloud,XPER,2022-09-20,2026-09-29,NYSE,listed,2023-03-06,2026-02-26
2024,1794905,"Cyxtera Technologies, Inc.",7370,cloud,,,,,unmapped,2023-03-16,2023-03-16
2024,1800347,"E2open Parent Holdings, Inc.",7374,cloud,ETWO,2020-06-15,2026-09-29,NYSE,delisted,2023-05-01,2025-04-29
2024,1800392,MicroAlgo Inc.,7371,cloud,MLGO,2021-04-13,2026-09-29,NASDAQ,listed,2023-03-29,2023-03-29
2024,1806837,"Vertex, Inc.",7372,cloud,VERX,2020-07-29,2026-09-29,NASDAQ,listed,2023-03-10,2026-02-24
2024,1807166,Amesite Inc.,7372,cloud,AMST,2020-09-25,2026-09-29,NASDAQ,listed,2023-10-06,2026-09-23
2024,1807794,Credo Technology Group Holding Ltd,3674,semis,CRDO,2022-01-27,2026-09-29,NASDAQ,listed,2023-06-23,2026-06-15
2024,1810019,"Rackspace Technology, Inc.",7370,cloud,RXT,2020-08-05,2026-09-29,NASDAQ,listed,2023-03-16,2026-03-06
2024,1810806,Unity Software Inc.,7372,cloud,U,2020-09-18,2026-09-29,NYSE,listed,2023-02-27,2026-02-11
2024,1818201,CCC Intelligent Solutions Holdings Inc.,7372,cloud,CCC,2021-08-02,2026-09-29,NASDAQ,listed,2023-03-01,2026-02-24
2024,1819394,"Matterport, Inc./DE",7372,cloud,MTTR,2021-02-02,2025-02-28,NASDAQ,delisted,2023-02-28,2025-02-26
2024,1821769,Navitas Semiconductor Corp,3674,semis,NVTS,2021-01-25,2026-09-29,NASDAQ,listed,2023-04-03,2026-02-27
2024,1824920,"IonQ, Inc.",7373,cloud,IONQ,2021-01-04,2026-09-29,NYSE,listed,2023-03-30,2026-02-25
2024,1827075,CVENT HOLDING CORP.,7372,cloud,CVT,2021-12-09,2023-06-15,NASDAQ,delisted,2023-03-14,2023-03-14
2024,1828108,"Aurora Innovation, Inc.",7373,cloud,AUR,2021-05-10,2026-09-29,NASDAQ,listed,2023-02-21,2026-02-11
2024,1829864,"TaskUs, Inc.",7374,cloud,TASK,2021-06-11,2026-09-29,NASDAQ,listed,2023-03-06,2026-03-05
2024,1830043,Bumble Inc.,7370,cloud,BMBL,2021-02-11,2026-09-29,NASDAQ,listed,2023-02-28,2026-03-16
2024,1831840,"SEMrush Holdings, Inc.",7372,cloud,SEMR,2021-03-24,2026-04-28,NYSE,delisted,2023-03-15,2026-03-02
2024,1834488,"N-able, Inc.",7372,cloud,NABL,2021-07-19,2026-09-29,NYSE,listed,2023-03-14,2026-02-26
2024,1834494,"MeridianLink, Inc.",7372,cloud,MLNK,2021-07-27,2025-10-23,NYSE,delisted,2023-03-09,2025-03-13
2024,1835632,"Marvell Technology, Inc.",3674,semis,MRVL,2000-06-30,2026-09-29,NASDAQ,listed,2023-03-09,2026-03-11
2024,1835681,"POWERSCHOOL HOLDINGS, INC.",7372,cloud,PWSC,2021-07-28,2024-10-01,NYSE,delisted,2023-02-24,2024-03-01
2024,1836833,Planet Labs PBC,3663,network,PL,2021-04-26,2026-09-29,NYSE,listed,2023-03-30,2026-03-23
2024,1838672,"AdTheorent Holding Company, Inc.",7370,cloud,ADTH,2021-12-23,2024-06-21,NASDAQ,delisted,2023-03-02,2024-03-12
2024,1839285,"Healthcare Triangle, Inc.",7373,cloud,HCTI,2021-10-13,2026-09-29,NASDAQ,listed,2023-03-28,2026-04-15
2024,1839439,"PAYCOR HCM, INC.",7372,cloud,PYCR,2021-07-21,2025-04-14,NASDAQ,delisted,2023-08-28,2024-08-22
2024,1840502,Taboola.com Ltd.,7370,cloud,TBLA,2021-06-30,2026-09-29,NASDAQ,listed,2023-03-13,2026-02-25
2024,1840856,"SOUNDHOUND AI, INC.",7372,cloud,SOUN,2022-04-28,2026-09-29,NASDAQ,listed,2023-03-28,2026-03-02
2024,1842718,INTEGRAL AD SCIENCE HOLDING CORP.,7370,cloud,IAS,2021-06-30,2025-12-23,NASDAQ,delisted,2023-03-02,2025-02-28
2024,1851003,Zeta Global Holdings Corp.,7372,cloud,ZETA,2021-06-10,2026-09-29,NYSE,listed,2023-02-24,2026-02-25
2024,1852117,Rockley Photonics Holdings Ltd,3674,semis,,,,,unmapped,2023-05-15,2023-05-15
2024,1858257,"AvidXchange Holdings, Inc.",7372,cloud,AVDX,2021-10-13,2025-10-15,NASDAQ,delisted,2023-03-01,2025-02-28
2024,1867072,"Kyndryl Holdings, Inc.",7373,cloud,KD,2021-10-22,2026-09-29,NYSE,listed,2023-05-26,2026-05-29
2024,1868778,Informatica Inc.,7372,cloud,INFA,2021-10-27,2026-09-29,NYSE,delisted,2023-02-27,2025-02-25
2024,1874097,Cyngn Inc.,7371,cloud,CYN,2021-10-20,2026-09-29,NASDAQ,listed,2023-03-17,2026-03-27
2024,1902733,"nCino, Inc.",7372,cloud,NCNO,2020-07-14,2026-09-29,NASDAQ,listed,2023-03-28,2026-03-31
2024,1910139,Mobileye Global Inc.,7372,cloud,MBLY,2022-10-26,2026-09-29,NASDAQ,listed,2023-03-09,2026-02-12
2024,1932244,"AI Unlimited Group, Inc.",7372,cloud,,,,,unmapped,2023-07-05,2024-04-18
2025,2488,ADVANCED MICRO DEVICES INC,3674,semis,AMD,1983-03-21,2026-09-29,NASDAQ,listed,2024-01-31,2026-02-04
2025,6951,APPLIED MATERIALS INC /DE,3674,semis,AMAT,1984-09-07,2026-09-29,NASDAQ,listed,2024-12-13,2025-12-12
2025,8670,AUTOMATIC DATA PROCESSING INC,7374,cloud,ADP,1983-04-06,2026-09-29,NASDAQ,listed,2024-08-07,2026-08-05
2025,50471,"ReposiTrak, Inc.",7374,cloud,TRAK,2005-12-13,2026-09-29,NYSE,listed,2024-09-30,2026-09-28
2025,50863,INTEL CORP,3674,semis,INTC,1980-03-17,2026-09-29,NASDAQ,listed,2024-01-26,2026-01-23
2025,51143,INTERNATIONAL BUSINESS MACHINES CORP,3570,semis,IBM,1962-01-02,2026-09-29,NYSE,listed,2024-02-26,2026-02-24
2025,70866,NCR Voyix Corp,3578,semis,VYX,1996-12-11,2026-09-29,NYSE,listed,2024-03-14,2026-02-26
2025,275880,PARSONS CORP,7373,cloud,PSN,2019-05-08,2026-09-29,NYSE,listed,2024-02-14,2026-02-11
2025,320193,Apple Inc.,3571,semis,AAPL,1980-12-12,2026-09-29,NASDAQ,listed,2024-11-01,2025-10-31
2025,320340,CoreCard Corp,7372,cloud,CCRD,1995-08-18,2025-10-30,NYSE,delisted,2024-03-01,2025-02-28
2025,709283,QUANTUM CORP /DE/,3572,semis,QMCO,1999-08-02,2026-09-29,NASDAQ,listed,2024-06-28,2026-06-25
2025,713425,"LOGILITY SUPPLY CHAIN SOLUTIONS, INC",7372,cloud,AMSWA,1984-09-07,2024-10-01,NASDAQ,delisted,2024-07-01,2024-07-01
2025,723125,MICRON TECHNOLOGY INC,3674,semis,MU,1989-05-16,2026-09-29,NASDAQ,listed,2024-10-04,2025-10-03
2025,746838,UNISYS CORP,7373,cloud,UIS,1972-06-01,2026-09-29,NYSE,listed,2024-02-26,2026-02-25
2025,751978,VICOR CORP,3679,semis,VICR,1991-11-27,2026-09-29,NASDAQ,listed,2024-02-28,2026-03-02
2025,779152,JACK HENRY & ASSOCIATES INC,7373,cloud,JKHY,1990-03-26,2026-09-29,NASDAQ,listed,2024-08-26,2026-08-28
2025,789019,MICROSOFT CORP,7372,cloud,MSFT,1986-03-13,2026-09-29,NASDAQ,listed,2024-07-30,2026-07-29
2025,796343,ADOBE INC.,7372,cloud,ADBE,1986-08-14,2026-09-29,NASDAQ,listed,2024-01-17,2026-01-15
2025,797542,QUANTUM X LABS INC.,7372,cloud,QXL,2018-03-05,2026-09-29,NASDAQ,listed,2024-03-25,2026-03-27
2025,804328,QUALCOMM INC/DE,3663,network,QCOM,1991-12-16,2026-09-29,NASDAQ,listed,2024-11-06,2025-11-05
2025,807863,MITEK SYSTEMS INC,3577,semis,MITK,1995-05-26,2026-09-29,NASDAQ,listed,2024-12-16,2025-12-11
2025,813672,CADENCE DESIGN SYSTEMS INC,7372,cloud,CDNS,1990-03-26,2026-09-29,NASDAQ,listed,2024-02-14,2026-02-19
2025,816761,TERADATA CORP /DE/,7372,cloud,TDC,2007-10-01,2026-09-29,NYSE,listed,2024-02-23,2026-02-27
2025,817720,SYNAPTICS Inc,3674,semis,SYNA,2002-01-29,2026-09-29,NASDAQ,listed,2024-08-23,2026-08-10
2025,824142,"AAON, INC.",3585,infra,AAON,1992-12-16,2026-09-29,NASDAQ,listed,2024-02-28,2026-03-02
2025,826675,DYNEX CAPITAL INC,6798,infra,DX,1989-06-30,2026-09-29,NYSE,listed,2024-02-26,2026-02-25
2025,833444,Johnson Controls International plc,3585,infra,JCI,1985-03-27,2026-09-29,NYSE,listed,2024-11-19,2025-11-14
2025,849399,Gen Digital Inc.,7372,cloud,GEN,1990-03-26,2026-09-29,NASDAQ,listed,2024-05-16,2026-05-21
2025,855658,LATTICE SEMICONDUCTOR CORP,3674,semis,LSCC,1990-03-26,2026-09-29,NASDAQ,listed,2024-02-16,2026-02-13
2025,858877,"CISCO SYSTEMS, INC.",3576,network,CSCO,1990-03-26,2026-09-29,NASDAQ,listed,2024-09-05,2026-09-02
2025,860546,COPT DEFENSE PROPERTIES,6798,infra,CDP,1991-12-31,2026-09-29,NYSE,listed,2024-02-22,2026-02-20
2025,860731,TYLER TECHNOLOGIES INC,7372,cloud,TYL,1987-12-30,2026-09-29,NYSE,listed,2024-02-21,2026-02-18
2025,866291,"ALLEGRO MICROSYSTEMS, INC.",3674,semis,ALGM,2020-10-29,2026-09-29,NASDAQ,listed,2024-05-23,2026-05-21
2025,882508,QUICKLOGIC Corp,3674,semis,QUIK,1999-10-18,2026-09-29,NASDAQ,listed,2024-03-27,2026-03-27
2025,883241,SYNOPSYS INC,7372,cloud,SNPS,1992-02-26,2026-09-29,NASDAQ,listed,2024-12-19,2025-12-22
2025,884144,ASURE SOFTWARE INC,7373,cloud,ASUR,1992-04-07,2026-09-29,NASDAQ,listed,2024-02-26,2026-02-26
2025,891103,"Match Group, Inc.",7370,cloud,MTCH,2015-11-19,2026-09-29,NASDAQ,listed,2024-02-23,2026-02-26
2025,896878,INTUIT INC.,7372,cloud,INTU,1993-03-22,2026-09-29,NASDAQ,listed,2024-09-04,2026-09-09
2025,897723,SANMINA CORP,3672,semis,SANM,1993-06-22,2026-09-29,NASDAQ,listed,2024-11-27,2025-11-13
2025,898293,JABIL INC,3672,semis,JBL,1993-05-03,2026-09-29,NYSE,listed,2024-10-28,2025-10-17
2025,903651,INNODATA INC,7374,cloud,INOD,1993-08-11,2026-09-29,NASDAQ,listed,2024-03-04,2026-02-26
2025,912093,VIAVI SOLUTIONS INC.,3674,semis,VIAV,2015-08-04,2026-09-29,NASDAQ,listed,2024-08-16,2026-08-13
2025,917273,RAMBUS INC,3674,semis,RMBS,1997-05-14,2026-09-29,NASDAQ,listed,2024-02-23,2026-02-18
2025,927003,ADVANCED ENERGY INDUSTRIES INC,3679,semis,AEIS,1995-11-17,2026-09-29,NASDAQ,listed,2024-02-20,2026-02-13
2025,935036,"ACI WORLDWIDE, INC.",7372,cloud,ACIW,1995-02-27,2026-09-29,NASDAQ,listed,2024-02-29,2026-02-26
2025,936395,CIENA CORP,3661,network,CIEN,1997-02-07,2026-09-29,NYSE,listed,2024-12-20,2025-12-12
2025,1002047,"NetApp, Inc.",3572,semis,NTAP,1995-11-21,2026-09-29,NASDAQ,listed,2024-06-10,2026-06-05
2025,1002638,OPEN TEXT CORP,7373,cloud,OTEX,1996-01-24,2026-09-29,NASDAQ,listed,2024-08-01,2026-08-06
2025,1005757,CSG SYSTEMS INTERNATIONAL INC,7374,cloud,CSGS,1996-02-28,2026-05-14,NASDAQ,delisted,2024-02-16,2026-02-19
2025,1013237,FACTSET RESEARCH SYSTEMS INC,7370,cloud,FDS,1996-06-28,2026-09-29,NYSE,listed,2024-10-29,2025-10-22
2025,1013462,ANSYS INC,7372,cloud,ANSS,1996-06-21,2026-09-29,NASDAQ,delisted,2024-02-21,2025-02-19
2025,1013857,PEGASYSTEMS INC,7374,cloud,PEGA,1996-07-19,2026-09-29,NASDAQ,listed,2024-02-14,2026-02-10
2025,1014473,VERISIGN INC/CA,7371,cloud,VRSN,1998-01-30,2026-09-29,NASDAQ,listed,2024-02-15,2026-02-05
2025,1020569,IRON MOUNTAIN INC,6798,infra,IRM,1996-02-01,2026-09-29,NYSE,listed,2024-02-22,2026-02-12
2025,1023731,8X8 INC /DE/,7374,cloud,EGHT,1997-07-02,2026-09-29,NASDAQ,listed,2024-05-21,2026-05-22
2025,1029744,SONIC FOUNDRY INC,3663,network,,,,,unmapped,2024-01-04,2024-01-04
2025,1034054,SBA COMMUNICATIONS CORP,6798,infra,SBAC,1999-06-16,2026-09-29,NASDAQ,listed,2024-02-28,2026-02-27
2025,1034760,WIDEPOINT CORP,7373,cloud,WYY,1998-05-19,2026-09-29,AMEX,listed,2024-03-26,2026-03-25
2025,1043604,JUNIPER NETWORKS INC,3576,network,JNPR,1999-06-25,2025-07-02,NYSE,delisted,2024-02-07,2025-02-21
2025,1045810,NVIDIA CORP,3674,semis,NVDA,1999-01-22,2026-09-29,NASDAQ,listed,2024-02-21,2026-02-25
2025,1047127,"AMKOR TECHNOLOGY, INC.",3674,semis,AMKR,1998-05-01,2026-09-29,NASDAQ,listed,2024-02-16,2026-02-20
2025,1048695,"F5, INC.",3576,network,FFIV,1999-06-04,2026-09-29,NASDAQ,listed,2024-11-18,2025-11-25
2025,1051627,AXT INC,3674,semis,AXTI,1998-05-21,2026-09-29,NASDAQ,listed,2024-03-15,2026-03-17
2025,1053507,AMERICAN TOWER CORP /MA/,6798,infra,AMT,1998-02-27,2026-09-29,NYSE,listed,2024-02-27,2026-02-24
2025,1056696,MANHATTAN ASSOCIATES INC,7372,cloud,MANH,1998-04-23,2026-09-29,NASDAQ,listed,2024-02-06,2026-02-04
2025,1066194,EGAIN Corp,7372,cloud,EGAN,1999-09-23,2026-09-29,NASDAQ,listed,2024-09-12,2026-09-10
2025,1070235,BLACKBERRY Ltd,7372,cloud,BB,1999-02-04,2026-09-29,NYSE,listed,2024-04-04,2026-04-09
2025,1078075,NETSCOUT SYSTEMS INC,7373,cloud,NTCT,1999-08-12,2026-09-29,NASDAQ,listed,2024-05-16,2026-05-14
2025,1078271,EXTREME NETWORKS INC,3576,network,EXTR,1999-04-09,2026-09-29,NASDAQ,listed,2024-08-16,2026-08-17
2025,1081745,"INTELLINETICS, INC.",7372,cloud,INLX,2015-03-10,2026-09-29,AMEX,listed,2024-03-28,2026-03-30
2025,1082733,"VISIUM TECHNOLOGIES, INC.",7371,cloud,,,,,unmapped,2024-09-30,2025-10-07
2025,1085869,PERFICIENT INC,7371,cloud,PRFT,1999-07-29,2024-10-10,NASDAQ,delisted,2024-02-27,2024-02-27
2025,1095565,HEALTHSTREAM INC,7370,cloud,HSTM,2000-04-11,2026-09-29,NASDAQ,listed,2024-02-26,2026-02-27
2025,1101239,EQUINIX INC,6798,infra,EQIX,2000-08-11,2026-09-29,NASDAQ,listed,2024-02-16,2026-02-11
2025,1102993,LIVEPERSON INC,7372,cloud,LPSN,2000-04-07,2026-09-29,NASDAQ,listed,2024-03-04,2026-03-16
2025,1107843,"QUALYS, INC.",7372,cloud,QLYS,2012-09-28,2026-09-29,NASDAQ,listed,2024-02-22,2026-02-20
2025,1108524,"Salesforce, Inc.",7372,cloud,CRM,2004-06-23,2026-09-29,NYSE,listed,2024-03-06,2026-03-02
2025,1110611,ON24 INC.,7372,cloud,ONTF,2021-02-03,2026-04-01,NYSE,delisted,2024-03-14,2026-03-12
2025,1116942,TTM TECHNOLOGIES INC,3672,semis,TTMI,2000-09-25,2026-09-29,NASDAQ,listed,2024-02-27,2026-02-17
2025,1122904,"NETGEAR, INC.",3661,network,NTGR,2003-07-31,2026-09-29,NASDAQ,listed,2024-02-16,2026-02-13
2025,1126741,GSI TECHNOLOGY INC,3674,semis,GSIT,2007-03-29,2026-09-29,NASDAQ,listed,2024-06-13,2026-06-05
2025,1131903,SPECTRAL CAPITAL Corp,7374,cloud,,,,,unmapped,2024-03-28,2026-03-31
2025,1137789,Seagate Technology Holdings plc,3572,semis,STX,2002-12-11,2026-09-29,NASDAQ,listed,2024-08-02,2026-08-04
2025,1144879,Applied Digital Corp.,7374,cloud,APLD,2008-10-22,2026-09-29,NASDAQ,listed,2024-08-30,2026-07-29
2025,1158114,"APPLIED OPTOELECTRONICS, INC.",3674,semis,AAOI,2013-09-26,2026-09-29,NASDAQ,listed,2024-02-23,2026-02-26
2025,1166388,VERINT SYSTEMS INC,7373,cloud,VRNT,2002-05-16,2025-11-26,NASDAQ,delisted,2024-03-27,2025-03-26
2025,1169561,COMMVAULT SYSTEMS INC,7372,cloud,CVLT,2006-09-22,2026-09-29,NASDAQ,listed,2024-05-13,2026-05-11
2025,1173489,CEVA INC,7370,cloud,CEVA,2002-11-01,2026-09-29,NASDAQ,listed,2024-03-07,2026-02-27
2025,1174891,"TerraVolt Holdings, Inc.",6798,infra,,,,,unmapped,2024-04-09,2026-03-31
2025,1261333,"DOCUSIGN, INC.",7372,cloud,DOCU,2018-04-27,2026-09-29,NASDAQ,listed,2024-03-21,2026-03-18
2025,1262039,"Fortinet, Inc.",3577,semis,FTNT,2009-11-18,2026-09-29,NASDAQ,listed,2024-02-26,2026-02-25
2025,1280058,BLACKBAUD INC,7372,cloud,BLKB,2004-07-26,2026-09-29,NASDAQ,listed,2024-02-21,2026-02-18
2025,1280263,AMBARELLA INC,3674,semis,AMBA,2012-10-10,2026-09-29,NASDAQ,listed,2024-03-29,2026-03-23
2025,1282631,NETLIST INC,3674,semis,,,,,unmapped,2024-02-23,2026-03-19
2025,1286139,"LEGALZOOM.COM, INC.",7374,cloud,LZ,2021-06-30,2026-09-29,NASDAQ,listed,2024-02-29,2026-02-23
2025,1288469,"MAXLINEAR, INC",3674,semis,MXL,2010-03-24,2026-09-29,NASDAQ,listed,2024-01-31,2026-01-29
2025,1288847,"Five9, Inc.",7374,cloud,FIVN,2014-04-04,2026-09-29,NASDAQ,listed,2024-02-22,2026-02-20
2025,1290658,"IIOT-OXYS, Inc.",7372,cloud,,,,,unmapped,2024-07-03,2026-05-11
2025,1313275,BRIGHTCOVE INC,7374,cloud,BCOV,2012-02-17,2025-02-04,NASDAQ,delisted,2024-02-22,2024-02-22
2025,1315098,Roblox Corp,7372,cloud,RBLX,2021-03-10,2026-09-29,NYSE,listed,2024-02-21,2026-02-11
2025,1321655,Palantir Technologies Inc.,7372,cloud,PLTR,2020-09-30,2026-09-29,NASDAQ,listed,2024-02-20,2026-02-17
2025,1326801,"Meta Platforms, Inc.",7370,cloud,META,2012-05-18,2026-09-29,NASDAQ,listed,2024-02-02,2026-01-29
2025,1327567,Palo Alto Networks Inc,3577,semis,PANW,2012-07-20,2026-09-29,NASDAQ,listed,2024-09-06,2026-09-10
2025,1327688,OOMA INC,7374,cloud,OOMA,2015-07-17,2026-09-29,NYSE,listed,2024-04-02,2026-04-03
2025,1327811,"Workday, Inc.",7374,cloud,WDAY,2012-10-12,2026-09-29,NASDAQ,listed,2024-03-08,2026-03-06
2025,1341439,ORACLE CORP,7372,cloud,ORCL,1986-03-12,2026-09-29,NYSE,listed,2024-06-20,2026-06-22
2025,1351636,"SOUNDTHINKING, INC.",7372,cloud,SSTI,2017-06-07,2026-09-29,NASDAQ,listed,2024-04-01,2026-03-30
2025,1352010,"EPAM Systems, Inc.",7371,cloud,EPAM,2012-02-08,2026-09-29,NYSE,listed,2024-02-22,2026-02-26
2025,1361113,VARONIS SYSTEMS INC,7372,cloud,VRNS,2014-02-28,2026-09-29,NASDAQ,listed,2024-02-06,2026-02-04
2025,1372612,BOX INC,7372,cloud,BOX,2015-01-23,2026-09-29,NYSE,listed,2024-03-11,2026-03-09
2025,1373715,"ServiceNow, Inc.",7372,cloud,NOW,2012-06-29,2026-09-29,NYSE,listed,2024-01-25,2026-01-29
2025,1378590,"Bridgeline Digital, Inc.",7372,cloud,BLIN,2007-06-29,2026-09-29,NASDAQ,listed,2024-12-26,2025-12-19
2025,1384905,"RingCentral, Inc.",7374,cloud,RNG,2013-09-27,2026-09-29,NYSE,listed,2024-02-22,2026-02-27
2025,1388295,OneMeta Inc.,7374,cloud,,,,,unmapped,2024-04-01,2026-04-15
2025,1389002,MARIN SOFTWARE INC,7374,cloud,,,,,unmapped,2024-02-23,2024-02-23
2025,1392972,"PROS Holdings, Inc.",7371,cloud,PRO,2007-07-26,2025-12-08,NYSE,delisted,2024-02-14,2025-02-12
2025,1393052,VEEVA SYSTEMS INC,7372,cloud,VEEV,2013-10-16,2026-09-29,NYSE,listed,2024-03-25,2026-03-20
2025,1394056,"ONE STOP SYSTEMS, INC.",3571,semis,OSS,2018-02-01,2026-09-29,NASDAQ,listed,2024-03-21,2026-03-18
2025,1396536,"DUOS TECHNOLOGIES GROUP, INC.",7372,cloud,DUOT,2015-04-10,2026-09-29,NASDAQ,listed,2024-04-01,2026-03-31
2025,1397183,"Iveda Solutions, Inc.",7372,cloud,IVDA,2015-10-15,2026-09-29,NASDAQ,listed,2024-04-01,2026-03-31
2025,1404655,HUBSPOT INC,7372,cloud,HUBS,2014-10-09,2026-09-29,NYSE,listed,2024-02-14,2026-02-11
2025,1410384,"Q2 Holdings, Inc.",7372,cloud,QTWO,2014-03-20,2026-09-29,NYSE,listed,2024-02-21,2026-02-11
2025,1419951,Data Storage Corp,7374,cloud,DTST,2010-09-20,2026-09-29,NASDAQ,listed,2024-03-28,2026-04-14
2025,1422930,"PubMatic, Inc.",7370,cloud,PUBM,2020-12-09,2026-09-29,NASDAQ,listed,2024-02-28,2026-02-26
2025,1432133,KALTURA INC,7372,cloud,KLTR,2021-07-21,2026-09-29,NASDAQ,listed,2024-02-22,2026-03-16
2025,1433195,APPFOLIO INC,7372,cloud,APPF,2015-06-26,2026-09-29,NASDAQ,listed,2024-02-01,2026-02-05
2025,1437352,"EVERBRIDGE, INC.",7372,cloud,EVBG,2016-09-16,2026-09-29,NASDAQ,delisted,2024-02-27,2024-02-27
2025,1437491,"RiskOn International, Inc.",7374,cloud,,,,,unmapped,2024-07-16,2024-07-16
2025,1441683,APPIAN CORP,7372,cloud,APPN,2017-05-25,2026-09-29,NASDAQ,listed,2024-02-15,2026-02-19
2025,1441816,"MongoDB, Inc.",7372,cloud,MDB,2017-10-19,2026-09-29,NASDAQ,listed,2024-03-15,2026-03-11
2025,1442145,"Verisk Analytics, Inc.",7374,cloud,VRSK,2009-10-07,2026-09-29,NASDAQ,listed,2024-02-21,2026-02-18
2025,1445305,WORKIVA INC,7372,cloud,WK,2014-12-12,2026-09-29,NYSE,listed,2024-02-20,2026-02-19
2025,1451809,SITIME Corp,3674,semis,SITM,2019-11-20,2026-09-29,NASDAQ,listed,2024-02-26,2026-02-11
2025,1454938,Teads Holding Co.,7370,cloud,TEAD,2021-07-23,2026-09-29,NASDAQ,listed,2024-03-08,2026-03-16
2025,1462056,"Backblaze, Inc.",7372,cloud,BLZE,2021-11-11,2026-09-29,NASDAQ,listed,2024-04-01,2026-03-10
2025,1462223,"Nixxy, Inc.",7371,cloud,NIXX,2008-11-20,2026-09-29,NASDAQ,listed,2024-04-16,2026-04-15
2025,1467623,"DROPBOX, INC.",7372,cloud,DBX,2018-03-23,2026-09-29,NASDAQ,listed,2024-02-16,2026-02-20
2025,1467761,"FiEE, Inc.",3661,network,MINM,2012-07-23,2025-07-09,NASDAQ,delisted,2024-04-12,2026-03-20
2025,1468666,SecureWorks Corp,7372,cloud,SCWX,2016-04-22,2025-02-03,NASDAQ,delisted,2024-03-22,2024-03-22
2025,1474432,"Everpure, Inc.",3572,semis,P,2015-10-07,2026-09-29,NYSE,listed,2024-04-01,2026-03-25
2025,1477333,"Cloudflare, Inc.",7372,cloud,NET,2019-09-13,2026-09-29,NYSE,listed,2024-02-21,2026-02-26
2025,1477720,"Asana, Inc.",7372,cloud,ASAN,2020-09-30,2026-09-29,NYSE,listed,2024-03-14,2026-03-13
2025,1493594,"MACOM Technology Solutions Holdings, Inc.",3674,semis,MTSI,2012-03-15,2026-09-29,NASDAQ,listed,2024-11-12,2025-11-14
2025,1497230,Fyntechnical Innovations Inc,7374,cloud,,,,,unmapped,2024-04-15,2025-04-15
2025,1498148,Artificial Intelligence Technology Solutions Inc.,7372,cloud,,,,,unmapped,2024-05-28,2026-06-09
2025,1505952,"Huckleberry.ai, Inc.",7372,cloud,,,,,unmapped,2024-03-28,2026-04-16
2025,1506293,"PINTEREST, INC.",7370,cloud,PINS,2019-04-18,2026-09-29,NYSE,listed,2024-02-08,2026-02-12
2025,1517228,"Vistance Networks, Inc.",3663,network,VISN,2013-10-25,2026-09-29,NASDAQ,listed,2024-02-29,2026-02-26
2025,1517375,"Sprout Social, Inc.",7372,cloud,SPT,2019-12-13,2026-09-29,NASDAQ,listed,2024-02-23,2026-02-27
2025,1517413,"Fastly, Inc.",7372,cloud,FSLY,2019-05-17,2026-09-29,NASDAQ,listed,2024-02-22,2026-02-25
2025,1526520,"TripAdvisor, Inc.",7370,cloud,TRIP,2011-12-07,2026-09-29,NASDAQ,listed,2024-02-16,2026-02-13
2025,1528396,"Guidewire Software, Inc.",7372,cloud,GWRE,2012-01-25,2026-09-29,NYSE,listed,2024-09-16,2026-09-11
2025,1535527,"CrowdStrike Holdings, Inc.",7372,cloud,CRWD,2019-06-12,2026-09-29,NASDAQ,listed,2024-03-07,2026-03-05
2025,1544522,Freshworks Inc.,7372,cloud,FRSH,2021-09-22,2026-09-29,NASDAQ,listed,2024-02-16,2026-02-26
2025,1549346,"Shutterstock, Inc.",7374,cloud,SSTK,2012-10-11,2026-09-29,NYSE,listed,2024-02-26,2026-02-17
2025,1559865,"EVERTEC, Inc.",7374,cloud,EVTC,2013-04-12,2026-09-29,NYSE,listed,2024-02-29,2026-03-02
2025,1561550,"Datadog, Inc.",7372,cloud,DDOG,2019-09-19,2026-09-29,NASDAQ,listed,2024-02-23,2026-02-18
2025,1562088,"Duolingo, Inc.",7372,cloud,DUOL,2021-07-28,2026-09-29,NASDAQ,listed,2024-02-29,2026-02-27
2025,1565687,"Intapp, Inc.",7372,cloud,INTA,2021-06-30,2026-09-29,NASDAQ,listed,2024-08-26,2026-08-14
2025,1567925,"Sila Realty Trust, Inc.",6798,infra,SILA,2021-02-05,2026-07-01,NYSE,delisted,2024-03-06,2026-02-25
2025,1568100,"PagerDuty, Inc.",7372,cloud,PD,2019-04-11,2026-09-29,NYSE,listed,2024-03-15,2026-03-12
2025,1569345,"Sprinklr, Inc.",7372,cloud,CXM,2021-06-23,2026-09-29,NYSE,listed,2024-03-29,2026-03-19
2025,1577526,"C3.ai, Inc.",7372,cloud,AI,2020-12-09,2026-09-29,NYSE,listed,2024-06-18,2026-06-24
2025,1580808,"A10 Networks, Inc.",3576,network,ATEN,2014-03-21,2026-09-29,NYSE,listed,2024-02-29,2026-02-25
2025,1581760,"Life360, Inc.",7374,cloud,LIF,2024-06-06,2026-09-29,NASDAQ,listed,2024-02-29,2026-03-02
2025,1582961,"DigitalOcean Holdings, Inc.",7370,cloud,DOCN,2021-03-24,2026-09-29,NYSE,listed,2024-02-21,2026-02-24
2025,1583708,"SentinelOne, Inc.",7372,cloud,S,2021-06-30,2026-09-29,NYSE,listed,2024-03-27,2026-03-19
2025,1585521,"Zoom Communications, Inc.",7370,cloud,ZM,2019-04-18,2026-09-29,NASDAQ,listed,2024-03-04,2026-02-27
2025,1590955,"Paycom Software, Inc.",7372,cloud,PAYC,2014-04-15,2026-09-29,NYSE,listed,2024-02-15,2026-02-19
2025,1591698,Paylocity Holding Corp,7372,cloud,PCTY,2014-03-19,2026-09-29,NASDAQ,listed,2024-08-02,2026-08-05
2025,1593549,"Livento Group, Inc.",7372,cloud,,,,,unmapped,2024-04-01,2026-05-01
2025,1595974,"MAGNITE, INC.",7370,cloud,MGNI,2014-04-02,2026-09-29,NASDAQ,listed,2024-02-28,2026-02-25
2025,1596532,"Arista Networks, Inc.",3576,network,ANET,2014-06-06,2026-09-29,NYSE,listed,2024-02-13,2026-02-17
2025,1606745,"Liberty TripAdvisor Holdings, Inc.",7374,cloud,,,,,unmapped,2024-02-16,2025-02-20
2025,1609711,GoDaddy Inc.,7373,cloud,GDDY,2015-04-01,2026-09-29,NYSE,listed,2024-02-29,2026-02-25
2025,1611052,"PROCORE TECHNOLOGIES, INC.",7372,cloud,PCOR,2021-05-20,2026-09-29,NYSE,listed,2024-02-26,2026-02-24
2025,1614178,"Yext, Inc.",7374,cloud,YEXT,2017-04-13,2026-09-29,NYSE,listed,2024-03-13,2026-03-10
2025,1615165,"Veritone, Inc.",7374,cloud,VERI,2017-05-12,2026-09-29,NASDAQ,listed,2024-04-01,2026-04-15
2025,1616533,"Penguin Solutions, Inc.",3674,semis,PENG,2017-05-24,2026-09-29,NASDAQ,listed,2024-10-24,2025-10-21
2025,1617553,"ZIPRECRUITER, INC.",7370,cloud,ZIP,2021-05-26,2026-09-29,NYSE,listed,2024-02-28,2026-02-25
2025,1618732,"Nutanix, Inc.",7372,cloud,NTNX,2016-09-30,2026-09-29,NASDAQ,listed,2024-09-19,2026-09-18
2025,1625278,"NERDWALLET, INC.",7374,cloud,NRDS,2021-11-04,2026-09-29,NASDAQ,listed,2024-02-20,2026-02-25
2025,1625641,"CS Disco, Inc.",7372,cloud,LAW,2021-07-21,2026-09-29,NYSE,listed,2024-02-22,2026-02-25
2025,1626450,"Commerce.com, Inc.",7372,cloud,CMRC,2020-08-05,2026-09-29,NASDAQ,listed,2024-02-29,2026-03-02
2025,1627475,"UPWORK, INC",7374,cloud,UPWK,2018-10-03,2026-09-29,NASDAQ,listed,2024-02-15,2026-02-13
2025,1631282,DATASEA INC.,7372,cloud,DTSS,2016-04-06,2026-09-29,NASDAQ,listed,2024-09-26,2025-09-26
2025,1633978,Lumentum Holdings Inc.,3669,network,LITE,2015-08-04,2026-09-29,NASDAQ,listed,2024-08-21,2026-08-17
2025,1636422,"Health Catalyst, Inc.",7370,cloud,HCAT,2019-07-25,2026-09-29,NASDAQ,listed,2024-02-22,2026-03-12
2025,1640147,Snowflake Inc.,7372,cloud,SNOW,2020-09-16,2026-09-29,NYSE,listed,2024-03-26,2026-03-20
2025,1645590,Hewlett Packard Enterprise Co,3570,semis,HPE,2015-10-19,2026-09-29,NYSE,listed,2024-12-19,2025-12-18
2025,1650372,Atlassian Corp,7372,cloud,TEAM,2015-12-10,2026-09-29,NASDAQ,listed,2024-08-16,2026-08-14
2025,1651562,"Coursera, Inc.",7372,cloud,COUR,2021-03-31,2026-09-29,NYSE,listed,2024-02-22,2026-02-23
2025,1652044,Alphabet Inc.,7370,cloud,GOOGL,2004-08-19,2026-09-29,NASDAQ,listed,2024-01-31,2026-02-05
2025,1653482,Gitlab Inc.,7372,cloud,GTLB,2021-10-14,2026-09-29,NASDAQ,listed,2024-03-26,2026-03-17
2025,1660134,"Okta, Inc.",7372,cloud,OKTA,2017-04-07,2026-09-29,NASDAQ,listed,2024-03-01,2026-03-05
2025,1662684,"KULR Technology Group, Inc.",3670,semis,KULR,2018-07-18,2026-09-29,AMEX,listed,2024-04-12,2026-03-31
2025,1662972,"Blackstone Real Estate Income Trust, Inc.",6798,infra,,,,,unmapped,2024-03-28,2026-02-27
2025,1666071,"Cardlytics, Inc.",7370,cloud,CDLX,2018-02-09,2026-09-29,NASDAQ,listed,2024-03-14,2026-03-04
2025,1666134,"BLACKLINE, INC.",7372,cloud,BL,2016-10-28,2026-09-29,NASDAQ,listed,2024-02-23,2026-02-26
2025,1667011,"Arteris, Inc.",3674,semis,AIP,2021-10-27,2026-09-29,NASDAQ,listed,2024-02-20,2026-02-12
2025,1667313,"Zedge, Inc.",7372,cloud,ZDGE,2016-05-26,2026-09-29,AMEX,listed,2024-10-29,2025-10-28
2025,1671933,"Trade Desk, Inc.",7370,cloud,TTD,2016-09-21,2026-09-29,NASDAQ,listed,2024-02-15,2026-02-27
2025,1674101,Vertiv Holdings Co,3679,semis,VRT,2018-07-30,2026-09-29,NYSE,listed,2024-02-23,2026-02-13
2025,1676238,"Braze, Inc.",7372,cloud,BRZE,2021-11-17,2026-09-29,NASDAQ,listed,2024-04-01,2026-03-25
2025,1681622,Varex Imaging Corp,3679,semis,VREX,2017-01-20,2026-09-29,NASDAQ,listed,2024-11-19,2025-11-18
2025,1688568,DXC Technology Co,7374,cloud,DXC,2017-02-01,2026-09-29,NYSE,listed,2024-05-17,2026-05-08
2025,1689923,"Alteryx, Inc.",7372,cloud,AYX,2017-03-24,2024-03-18,NYSE,delisted,2024-02-06,2024-02-06
2025,1697851,"Rekor Systems, Inc.",3669,network,REKR,2017-08-29,2026-09-29,NASDAQ,listed,2024-03-25,2026-03-31
2025,1701732,Altair Engineering Inc.,7372,cloud,ALTR,2017-11-01,2025-03-26,NASDAQ,delisted,2024-02-22,2025-02-20
2025,1707753,Elastic N.V.,7372,cloud,ESTC,2018-10-05,2026-09-29,NYSE,listed,2024-06-14,2026-06-08
2025,1713683,"Zscaler, Inc.",7371,cloud,ZS,2018-03-16,2026-09-29,NASDAQ,listed,2024-09-12,2026-09-03
2025,1718939,T Stamp Inc,7372,cloud,IDAI,2021-02-24,2026-09-29,NASDAQ,listed,2024-04-01,2026-03-31
2025,1725057,"Dayforce, Inc.",7372,cloud,DAY,2018-04-26,2026-02-03,NYSE,delisted,2024-02-28,2025-02-28
2025,1730168,Broadcom Inc.,3674,semis,AVGO,2009-08-06,2026-09-29,NASDAQ,listed,2024-12-20,2025-12-18
2025,1734722,"UiPath, Inc.",7372,cloud,PATH,2021-04-21,2026-09-29,NYSE,listed,2024-03-27,2026-03-25
2025,1739942,SolarWinds Corp,7372,cloud,SWI,2018-10-19,2025-04-16,NYSE,delisted,2024-02-16,2025-02-19
2025,1740797,"AVAI BIO, INC.",7374,cloud,,,,,unmapped,2024-07-03,2026-07-14
2025,1743725,"GRID DYNAMICS HOLDINGS, INC.",7372,cloud,GDYN,2018-10-30,2026-09-29,NASDAQ,listed,2024-02-29,2026-03-05
2025,1743759,"Corsair Gaming, Inc.",3577,semis,CRSR,2020-09-23,2026-09-29,NASDAQ,listed,2024-02-27,2026-02-25
2025,1752474,KLDiscovery Inc.,7370,cloud,,,,,unmapped,2024-03-28,2024-03-28
2025,1758009,Quantum Computing Inc.,7372,cloud,QUBT,2018-08-01,2026-09-29,NASDAQ,listed,2024-04-01,2026-03-02
2025,1764046,CLARIVATE PLC,7374,cloud,CLVT,2018-10-29,2026-09-29,NYSE,listed,2024-02-27,2026-02-24
2025,1768267,Cerence Inc.,7372,cloud,CRNC,2019-09-16,2026-09-29,NASDAQ,listed,2024-11-25,2025-11-20
2025,1773383,"Dynatrace, Inc.",7372,cloud,DT,2019-08-01,2026-09-29,NYSE,listed,2024-05-23,2026-05-20
2025,1774675,Skillsoft Corp.,7372,cloud,SKIL,2019-07-26,2026-09-29,NYSE,listed,2024-04-15,2026-04-07
2025,1777921,"AvePoint, Inc.",7372,cloud,AVPT,2019-11-05,2026-09-29,NASDAQ,listed,2024-02-29,2026-02-26
2025,1786352,"BILL Holdings, Inc.",7372,cloud,BILL,2019-12-12,2026-09-29,NYSE,listed,2024-08-23,2026-08-20
2025,1788999,Xperi Inc.,7372,cloud,XPER,2022-09-20,2026-09-29,NYSE,listed,2024-03-01,2026-02-26
2025,1800347,"E2open Parent Holdings, Inc.",7374,cloud,ETWO,2020-06-15,2026-09-29,NYSE,delisted,2024-04-29,2025-04-29
2025,1800667,JFrog Ltd,7372,cloud,FROG,2020-09-16,2026-09-29,NASDAQ,listed,2024-02-15,2026-02-13
2025,1805385,"Evolv Technologies Holdings, Inc.",3577,semis,EVLV,2020-09-22,2026-09-29,NASDAQ,listed,2024-02-29,2026-03-10
2025,1806837,"Vertex, Inc.",7372,cloud,VERX,2020-07-29,2026-09-29,NASDAQ,listed,2024-02-29,2026-02-24
2025,1807166,Amesite Inc.,7372,cloud,AMST,2020-09-25,2026-09-29,NASDAQ,listed,2024-09-30,2026-09-23
2025,1807794,Credo Technology Group Holding Ltd,3674,semis,CRDO,2022-01-27,2026-09-29,NASDAQ,listed,2024-06-24,2026-06-15
2025,1809519,"GoodRx Holdings, Inc.",7374,cloud,GDRX,2020-09-23,2026-09-29,NASDAQ,listed,2024-02-29,2026-02-26
2025,1810019,"Rackspace Technology, Inc.",7370,cloud,RXT,2020-08-05,2026-09-29,NASDAQ,listed,2024-03-15,2026-03-06
2025,1810806,Unity Software Inc.,7372,cloud,U,2020-09-18,2026-09-29,NYSE,listed,2024-02-29,2026-02-11
2025,1818201,CCC Intelligent Solutions Holdings Inc.,7372,cloud,CCC,2021-08-02,2026-09-29,NASDAQ,listed,2024-02-28,2026-02-24
2025,1819394,"Matterport, Inc./DE",7372,cloud,MTTR,2021-02-02,2025-02-28,NASDAQ,delisted,2024-02-27,2025-02-26
2025,1819928,"DoubleVerify Holdings, Inc.",7370,cloud,DV,2021-04-21,2026-09-29,NYSE,listed,2024-02-28,2026-02-26
2025,1820144,Grindr Inc.,7370,cloud,GRND,2021-01-14,2026-09-29,NYSE,listed,2024-03-11,2026-03-02
2025,1821769,Navitas Semiconductor Corp,3674,semis,NVTS,2021-01-25,2026-09-29,NASDAQ,listed,2024-03-06,2026-02-27
2025,1824920,"IonQ, Inc.",7373,cloud,IONQ,2021-01-04,2026-09-29,NYSE,listed,2024-02-28,2026-02-25
2025,1827090,"Certara, Inc.",7372,cloud,CERT,2020-12-11,2026-09-29,NASDAQ,listed,2024-02-29,2026-02-26
2025,1828016,Playtika Holding Corp.,7374,cloud,PLTK,2021-01-15,2026-09-29,NASDAQ,listed,2024-02-26,2026-02-26
2025,1828108,"Aurora Innovation, Inc.",7373,cloud,AUR,2021-05-10,2026-09-29,NASDAQ,listed,2024-02-15,2026-02-11
2025,1828791,Viant Technology Inc.,7370,cloud,DSP,2021-02-10,2026-09-29,NASDAQ,listed,2024-03-04,2026-03-11
2025,1829864,"TaskUs, Inc.",7374,cloud,TASK,2021-06-11,2026-09-29,NASDAQ,listed,2024-03-08,2026-03-05
2025,1830043,Bumble Inc.,7370,cloud,BMBL,2021-02-11,2026-09-29,NASDAQ,listed,2024-02-28,2026-03-16
2025,1830081,RUM Group Inc.,7370,cloud,RUM,2021-04-14,2026-09-29,NASDAQ,listed,2024-03-27,2026-03-05
2025,1830503,Business Warrior Corp,7372,cloud,,,,,unmapped,2024-03-18,2024-03-18
2025,1831840,"SEMrush Holdings, Inc.",7372,cloud,SEMR,2021-03-24,2026-04-28,NYSE,delisted,2024-03-07,2026-03-02
2025,1834488,"N-able, Inc.",7372,cloud,NABL,2021-07-19,2026-09-29,NYSE,listed,2024-02-29,2026-02-26
2025,1835378,Innovid Corp.,7372,cloud,CTV,2021-12-01,2025-02-12,NYSE,delisted,2024-02-29,2024-02-29
2025,1835632,"Marvell Technology, Inc.",3674,semis,MRVL,2000-06-30,2026-09-29,NASDAQ,listed,2024-03-13,2026-03-11
2025,1835681,"POWERSCHOOL HOLDINGS, INC.",7372,cloud,PWSC,2021-07-28,2024-10-01,NYSE,delisted,2024-03-01,2024-03-01
2025,1835830,"Klaviyo, Inc.",7372,cloud,KVYO,2023-09-20,2026-09-29,NYSE,listed,2024-02-29,2026-02-10
2025,1836833,Planet Labs PBC,3663,network,PL,2021-04-26,2026-09-29,NYSE,listed,2024-03-29,2026-03-23
2025,1837686,"Vimeo, Inc.",7370,cloud,VMEO,2021-05-25,2025-11-24,NASDAQ,delisted,2024-02-22,2025-02-19
2025,1838163,Brand Engagement Network Inc.,7373,cloud,BNAI,2024-03-14,2026-09-29,NASDAQ,listed,2024-04-01,2026-04-16
2025,1838672,"AdTheorent Holding Company, Inc.",7370,cloud,ADTH,2021-12-23,2024-06-21,NASDAQ,delisted,2024-03-12,2024-03-12
2025,1839285,"Healthcare Triangle, Inc.",7373,cloud,HCTI,2021-10-13,2026-09-29,NASDAQ,listed,2024-03-18,2026-04-15
2025,1839439,"PAYCOR HCM, INC.",7372,cloud,PYCR,2021-07-21,2025-04-14,NASDAQ,delisted,2024-08-22,2024-08-22
2025,1840502,Taboola.com Ltd.,7370,cloud,TBLA,2021-06-30,2026-09-29,NASDAQ,listed,2024-02-28,2026-02-25
2025,1840856,"SOUNDHOUND AI, INC.",7372,cloud,SOUN,2022-04-28,2026-09-29,NASDAQ,listed,2024-03-01,2026-03-02
2025,1842563,"Go Go Buyers, Inc.",7370,cloud,,,,,unmapped,2024-06-12,2026-04-14
2025,1842718,INTEGRAL AD SCIENCE HOLDING CORP.,7370,cloud,IAS,2021-06-30,2025-12-23,NASDAQ,delisted,2024-02-27,2025-02-28
2025,1846069,"Nextdoor Holdings, Inc.",7370,cloud,NXDR,2021-03-24,2026-09-29,NYSE,listed,2024-02-27,2026-02-18
2025,1848672,Glidelogic Corp.,7371,cloud,,,,,unmapped,2024-05-13,2026-04-27
2025,1851003,Zeta Global Holdings Corp.,7372,cloud,ZETA,2021-06-10,2026-09-29,NYSE,listed,2024-02-28,2026-02-25
2025,1858257,"AvidXchange Holdings, Inc.",7372,cloud,AVDX,2021-10-13,2025-10-15,NASDAQ,delisted,2024-02-29,2025-02-28
2025,1866368,"Clearwater Analytics Holdings, Inc.",7372,cloud,CWAN,2021-09-24,2026-07-02,NYSE,delisted,2024-02-29,2026-02-18
2025,1867072,"Kyndryl Holdings, Inc.",7373,cloud,KD,2021-10-22,2026-09-29,NYSE,listed,2024-05-30,2026-05-29
2025,1868778,Informatica Inc.,7372,cloud,INFA,2021-10-27,2026-09-29,NYSE,delisted,2024-02-22,2025-02-25
2025,1873722,Bubblr Inc.,7370,cloud,,,,,unmapped,2024-03-20,2026-03-31
2025,1874097,Cyngn Inc.,7371,cloud,CYN,2021-10-20,2026-09-29,NASDAQ,listed,2024-03-07,2026-03-27
2025,1880431,Vocodia Holdings Corp,7371,cloud,,,,,unmapped,2024-04-16,2025-04-30
2025,1895618,GAXOS.AI INC.,7372,cloud,GXAI,2023-02-15,2026-09-29,NASDAQ,listed,2024-03-27,2026-03-17
2025,1902733,"nCino, Inc.",7372,cloud,NCNO,2020-07-14,2026-09-29,NASDAQ,listed,2024-03-26,2026-03-31
2025,1909770,KHEOBA CORP.,7371,cloud,,,,,unmapped,2024-01-30,2025-01-03
2025,1910139,Mobileye Global Inc.,7372,cloud,MBLY,2022-10-26,2026-09-29,NASDAQ,listed,2024-02-23,2026-02-12
2025,1932244,"AI Unlimited Group, Inc.",7372,cloud,,,,,unmapped,2024-04-18,2024-04-18
2025,1976663,"Nexscient, Inc.",7372,cloud,,,,,unmapped,2024-10-01,2025-09-30
2025,1976923,"YOUNEEQAI TECHNICAL SERVICES, INC.",7371,cloud,,,,,unmapped,2024-04-09,2024-04-09
2025,1977837,MADE IN USA INC.,7374,cloud,,,,,unmapped,2024-06-12,2026-06-22
2025,1980295,IMA Tech,7372,cloud,,,,,unmapped,2024-07-29,2025-07-22
2026,2488,ADVANCED MICRO DEVICES INC,3674,semis,AMD,1983-03-21,2026-09-29,NASDAQ,listed,2025-02-05,2026-02-04
2026,6281,ANALOG DEVICES INC,3674,semis,ADI,1984-07-19,2026-09-29,NASDAQ,listed,2025-11-25,2025-11-25
2026,6951,APPLIED MATERIALS INC /DE,3674,semis,AMAT,1984-09-07,2026-09-29,NASDAQ,listed,2025-12-12,2025-12-12
2026,8670,AUTOMATIC DATA PROCESSING INC,7374,cloud,ADP,1983-04-06,2026-09-29,NASDAQ,listed,2025-08-06,2026-08-05
2026,23197,COMTECH TELECOMMUNICATIONS CORP /DE/,3663,network,CMTL,1992-02-18,2026-09-29,NASDAQ,listed,2025-11-10,2025-11-10
2026,50471,"ReposiTrak, Inc.",7374,cloud,TRAK,2005-12-13,2026-09-29,NYSE,listed,2025-09-29,2026-09-28
2026,50863,INTEL CORP,3674,semis,INTC,1980-03-17,2026-09-29,NASDAQ,listed,2025-01-31,2026-01-23
2026,51143,INTERNATIONAL BUSINESS MACHINES CORP,3570,semis,IBM,1962-01-02,2026-09-29,NYSE,listed,2025-02-25,2026-02-24
2026,70866,NCR Voyix Corp,3578,semis,VYX,1996-12-11,2026-09-29,NYSE,listed,2025-02-27,2026-02-26
2026,88941,SEMTECH CORP,3674,semis,SMTC,1992-03-17,2026-09-29,NASDAQ,listed,2025-03-25,2026-03-23
2026,106040,WESTERN DIGITAL CORP,3572,semis,WDC,1987-01-02,2026-09-29,NASDAQ,listed,2025-08-14,2026-08-14
2026,275880,PARSONS CORP,7373,cloud,PSN,2019-05-08,2026-09-29,NYSE,listed,2025-02-19,2026-02-11
2026,320193,Apple Inc.,3571,semis,AAPL,1980-12-12,2026-09-29,NASDAQ,listed,2025-10-31,2025-10-31
2026,320340,CoreCard Corp,7372,cloud,CCRD,1995-08-18,2025-10-30,NYSE,delisted,2025-02-28,2025-02-28
2026,712515,ELECTRONIC ARTS INC.,7372,cloud,EA,1990-03-26,2026-08-04,NASDAQ,delisted,2025-05-13,2026-05-11
2026,723125,MICRON TECHNOLOGY INC,3674,semis,MU,1989-05-16,2026-09-29,NASDAQ,listed,2025-10-03,2025-10-03
2026,746838,UNISYS CORP,7373,cloud,UIS,1972-06-01,2026-09-29,NYSE,listed,2025-02-21,2026-02-25
2026,751978,VICOR CORP,3679,semis,VICR,1991-11-27,2026-09-29,NASDAQ,listed,2025-03-03,2026-03-02
2026,769397,"Autodesk, Inc.",7372,cloud,ADSK,1985-07-01,2026-09-29,NASDAQ,listed,2025-03-06,2026-03-03
2026,779152,JACK HENRY & ASSOCIATES INC,7373,cloud,JKHY,1990-03-26,2026-09-29,NASDAQ,listed,2025-08-25,2026-08-28
2026,789019,MICROSOFT CORP,7372,cloud,MSFT,1986-03-13,2026-09-29,NASDAQ,listed,2025-07-30,2026-07-29
2026,796343,ADOBE INC.,7372,cloud,ADBE,1986-08-14,2026-09-29,NASDAQ,listed,2025-01-13,2026-01-15
2026,797465,"HG Holdings, Inc.",6798,infra,,,,,unmapped,2025-03-27,2026-03-27
2026,797542,QUANTUM X LABS INC.,7372,cloud,QXL,2018-03-05,2026-09-29,NASDAQ,listed,2025-03-21,2026-03-27
2026,804328,QUALCOMM INC/DE,3663,network,QCOM,1991-12-16,2026-09-29,NASDAQ,listed,2025-11-05,2025-11-05
2026,807863,MITEK SYSTEMS INC,3577,semis,MITK,1995-05-26,2026-09-29,NASDAQ,listed,2025-12-11,2025-12-11
2026,813672,CADENCE DESIGN SYSTEMS INC,7372,cloud,CDNS,1990-03-26,2026-09-29,NASDAQ,listed,2025-02-21,2026-02-19
2026,816761,TERADATA CORP /DE/,7372,cloud,TDC,2007-10-01,2026-09-29,NYSE,listed,2025-02-21,2026-02-27
2026,824142,"AAON, INC.",3585,infra,AAON,1992-12-16,2026-09-29,NASDAQ,listed,2025-02-27,2026-03-02
2026,833444,Johnson Controls International plc,3585,infra,JCI,1985-03-27,2026-09-29,NYSE,listed,2025-11-14,2025-11-14
2026,849399,Gen Digital Inc.,7372,cloud,GEN,1990-03-26,2026-09-29,NASDAQ,listed,2025-05-15,2026-05-21
2026,854775,DIGI INTERNATIONAL INC,3576,network,DGII,1990-03-26,2026-09-29,NASDAQ,listed,2025-11-21,2025-11-21
2026,855658,LATTICE SEMICONDUCTOR CORP,3674,semis,LSCC,1990-03-26,2026-09-29,NASDAQ,listed,2025-02-14,2026-02-13
2026,858877,"CISCO SYSTEMS, INC.",3576,network,CSCO,1990-03-26,2026-09-29,NASDAQ,listed,2025-09-03,2026-09-02
2026,860546,COPT DEFENSE PROPERTIES,6798,infra,CDP,1991-12-31,2026-09-29,NYSE,listed,2025-02-21,2026-02-20
2026,860731,TYLER TECHNOLOGIES INC,7372,cloud,TYL,1987-12-30,2026-09-29,NYSE,listed,2025-02-19,2026-02-18
2026,866291,"ALLEGRO MICROSYSTEMS, INC.",3674,semis,ALGM,2020-10-29,2026-09-29,NASDAQ,listed,2025-05-22,2026-05-21
2026,866374,FLEX LTD.,3672,semis,FLEX,1994-03-18,2026-09-29,NASDAQ,listed,2025-05-21,2026-05-20
2026,880807,AMERICAN SUPERCONDUCTOR CORP /DE/,3621,infra,AMSC,1991-12-12,2026-09-29,NASDAQ,listed,2025-05-21,2026-05-27
2026,883241,SYNOPSYS INC,7372,cloud,SNPS,1992-02-26,2026-09-29,NASDAQ,listed,2025-12-22,2025-12-22
2026,884144,ASURE SOFTWARE INC,7373,cloud,ASUR,1992-04-07,2026-09-29,NASDAQ,listed,2025-03-06,2026-02-26
2026,886128,FUELCELL ENERGY INC,3620,infra,FCEL,1997-02-27,2026-09-29,NASDAQ,listed,2025-12-18,2025-12-18
2026,891103,"Match Group, Inc.",7370,cloud,MTCH,2015-11-19,2026-09-29,NASDAQ,listed,2025-02-27,2026-02-26
2026,897723,SANMINA CORP,3672,semis,SANM,1993-06-22,2026-09-29,NASDAQ,listed,2025-11-13,2025-11-13
2026,898293,JABIL INC,3672,semis,JBL,1993-05-03,2026-09-29,NYSE,listed,2025-10-17,2025-10-17
2026,903651,INNODATA INC,7374,cloud,INOD,1993-08-11,2026-09-29,NASDAQ,listed,2025-02-24,2026-02-26
2026,912093,VIAVI SOLUTIONS INC.,3674,semis,VIAV,2015-08-04,2026-09-29,NASDAQ,listed,2025-08-11,2026-08-13
2026,917273,RAMBUS INC,3674,semis,RMBS,1997-05-14,2026-09-29,NASDAQ,listed,2025-02-24,2026-02-18
2026,926326,"OMNICELL, INC.",3571,semis,OMCL,2001-08-09,2026-09-29,NASDAQ,listed,2025-02-27,2026-02-26
2026,927003,ADVANCED ENERGY INDUSTRIES INC,3679,semis,AEIS,1995-11-17,2026-09-29,NASDAQ,listed,2025-02-18,2026-02-13
2026,935036,"ACI WORLDWIDE, INC.",7372,cloud,ACIW,1995-02-27,2026-09-29,NASDAQ,listed,2025-02-27,2026-02-26
2026,936395,CIENA CORP,3661,network,CIEN,1997-02-07,2026-09-29,NYSE,listed,2025-12-12,2025-12-12
2026,1002047,"NetApp, Inc.",3572,semis,NTAP,1995-11-21,2026-09-29,NASDAQ,listed,2025-06-09,2026-06-05
2026,1005757,CSG SYSTEMS INTERNATIONAL INC,7374,cloud,CSGS,1996-02-28,2026-05-14,NASDAQ,delisted,2025-02-20,2026-02-19
2026,1013237,FACTSET RESEARCH SYSTEMS INC,7370,cloud,FDS,1996-06-28,2026-09-29,NYSE,listed,2025-10-22,2025-10-22
2026,1013462,ANSYS INC,7372,cloud,ANSS,1996-06-21,2026-09-29,NASDAQ,delisted,2025-02-19,2025-02-19
2026,1013857,PEGASYSTEMS INC,7374,cloud,PEGA,1996-07-19,2026-09-29,NASDAQ,listed,2025-02-12,2026-02-10
2026,1014473,VERISIGN INC/CA,7371,cloud,VRSN,1998-01-30,2026-09-29,NASDAQ,listed,2025-02-13,2026-02-05
2026,1017303,TRANSACT TECHNOLOGIES INC,3577,semis,TACT,1996-08-22,2026-09-29,NASDAQ,listed,2025-03-24,2026-03-12
2026,1020569,IRON MOUNTAIN INC,6798,infra,IRM,1996-02-01,2026-09-29,NYSE,listed,2025-02-14,2026-02-12
2026,1023459,"Simulations Plus, Inc.",7373,cloud,SLP,1997-06-19,2026-09-29,NASDAQ,listed,2025-12-01,2025-12-01
2026,1023731,8X8 INC /DE/,7374,cloud,EGHT,1997-07-02,2026-09-29,NASDAQ,listed,2025-05-22,2026-05-22
2026,1030894,CELESTICA INC,3672,semis,CLS,1998-06-30,2026-09-29,NYSE,listed,2025-03-03,2026-02-27
2026,1032975,LOGITECH INTERNATIONAL S.A.,3577,semis,LOGI,1997-03-31,2026-09-29,NASDAQ,listed,2025-05-23,2026-05-21
2026,1034054,SBA COMMUNICATIONS CORP,6798,infra,SBAC,1999-06-16,2026-09-29,NASDAQ,listed,2025-02-26,2026-02-27
2026,1034760,WIDEPOINT CORP,7373,cloud,WYY,1998-05-19,2026-09-29,AMEX,listed,2025-04-15,2026-03-25
2026,1043604,JUNIPER NETWORKS INC,3576,network,JNPR,1999-06-25,2025-07-02,NYSE,delisted,2025-02-21,2025-02-21
2026,1045810,NVIDIA CORP,3674,semis,NVDA,1999-01-22,2026-09-29,NASDAQ,listed,2025-02-26,2026-02-25
2026,1047127,"AMKOR TECHNOLOGY, INC.",3674,semis,AMKR,1998-05-01,2026-09-29,NASDAQ,listed,2025-02-21,2026-02-20
2026,1048695,"F5, INC.",3576,network,FFIV,1999-06-04,2026-09-29,NASDAQ,listed,2025-11-25,2025-11-25
2026,1051627,AXT INC,3674,semis,AXTI,1998-05-21,2026-09-29,NASDAQ,listed,2025-03-14,2026-03-17
2026,1053507,AMERICAN TOWER CORP /MA/,6798,infra,AMT,1998-02-27,2026-09-29,NYSE,listed,2025-02-25,2026-02-24
2026,1056696,MANHATTAN ASSOCIATES INC,7372,cloud,MANH,1998-04-23,2026-09-29,NASDAQ,listed,2025-02-07,2026-02-04
2026,1066194,EGAIN Corp,7372,cloud,EGAN,1999-09-23,2026-09-29,NASDAQ,listed,2025-09-12,2026-09-10
2026,1070235,BLACKBERRY Ltd,7372,cloud,BB,1999-02-04,2026-09-29,NYSE,listed,2025-04-02,2026-04-09
2026,1078271,EXTREME NETWORKS INC,3576,network,EXTR,1999-04-09,2026-09-29,NASDAQ,listed,2025-08-18,2026-08-17
2026,1081745,"INTELLINETICS, INC.",7372,cloud,INLX,2015-03-10,2026-09-29,AMEX,listed,2025-03-24,2026-03-30
2026,1082733,"VISIUM TECHNOLOGIES, INC.",7371,cloud,,,,,unmapped,2025-10-07,2025-10-07
2026,1101239,EQUINIX INC,6798,infra,EQIX,2000-08-11,2026-09-29,NASDAQ,listed,2025-02-12,2026-02-11
2026,1102993,LIVEPERSON INC,7372,cloud,LPSN,2000-04-07,2026-09-29,NASDAQ,listed,2025-03-14,2026-03-16
2026,1107843,"QUALYS, INC.",7372,cloud,QLYS,2012-09-28,2026-09-29,NASDAQ,listed,2025-02-21,2026-02-20
2026,1108524,"Salesforce, Inc.",7372,cloud,CRM,2004-06-23,2026-09-29,NYSE,listed,2025-03-05,2026-03-02
2026,1110611,ON24 INC.,7372,cloud,ONTF,2021-02-03,2026-04-01,NYSE,delisted,2025-03-13,2026-03-12
2026,1114925,LANTRONIX INC,3576,network,LTRX,2000-08-04,2026-09-29,NASDAQ,listed,2025-08-29,2026-08-27
2026,1116942,TTM TECHNOLOGIES INC,3672,semis,TTMI,2000-09-25,2026-09-29,NASDAQ,listed,2025-02-21,2026-02-17
2026,1120914,PDF SOLUTIONS INC,7372,cloud,PDFS,2001-07-31,2026-09-29,NASDAQ,listed,2025-02-27,2026-02-24
2026,1121795,GHST World Inc.,7372,cloud,,,,,unmapped,2025-10-14,2025-10-14
2026,1122904,"NETGEAR, INC.",3661,network,NTGR,2003-07-31,2026-09-29,NASDAQ,listed,2025-02-14,2026-02-13
2026,1126741,GSI TECHNOLOGY INC,3674,semis,GSIT,2007-03-29,2026-09-29,NASDAQ,listed,2025-06-18,2026-06-05
2026,1131903,SPECTRAL CAPITAL Corp,7374,cloud,,,,,unmapped,2025-06-24,2026-03-31
2026,1137789,Seagate Technology Holdings plc,3572,semis,STX,2002-12-11,2026-09-29,NASDAQ,listed,2025-08-01,2026-08-04
2026,1138639,Infinera Corp,3661,network,INFN,2007-06-07,2025-02-28,NASDAQ,delisted,2025-02-28,2025-02-28
2026,1144879,Applied Digital Corp.,7374,cloud,APLD,2008-10-22,2026-09-29,NASDAQ,listed,2025-07-30,2026-07-29
2026,1158114,"APPLIED OPTOELECTRONICS, INC.",3674,semis,AAOI,2013-09-26,2026-09-29,NASDAQ,listed,2025-02-28,2026-02-26
2026,1166388,VERINT SYSTEMS INC,7373,cloud,VRNT,2002-05-16,2025-11-26,NASDAQ,delisted,2025-03-26,2025-03-26
2026,1169561,COMMVAULT SYSTEMS INC,7372,cloud,CVLT,2006-09-22,2026-09-29,NASDAQ,listed,2025-05-05,2026-05-11
2026,1173489,CEVA INC,7370,cloud,CEVA,2002-11-01,2026-09-29,NASDAQ,listed,2025-02-27,2026-02-27
2026,1174891,"TerraVolt Holdings, Inc.",6798,infra,,,,,unmapped,2025-04-02,2026-03-31
2026,1211805,"My Size, Inc.",7372,cloud,MYSZ,2016-07-25,2026-09-29,NASDAQ,listed,2025-03-27,2026-04-15
2026,1261333,"DOCUSIGN, INC.",7372,cloud,DOCU,2018-04-27,2026-09-29,NASDAQ,listed,2025-03-18,2026-03-18
2026,1262039,"Fortinet, Inc.",3577,semis,FTNT,2009-11-18,2026-09-29,NASDAQ,listed,2025-02-21,2026-02-25
2026,1275014,"Ultra Clean Holdings, Inc.",3674,semis,UCTT,2004-03-25,2026-09-29,NASDAQ,listed,2025-02-25,2026-02-23
2026,1280058,BLACKBAUD INC,7372,cloud,BLKB,2004-07-26,2026-09-29,NASDAQ,listed,2025-02-21,2026-02-18
2026,1280263,AMBARELLA INC,3674,semis,AMBA,2012-10-10,2026-09-29,NASDAQ,listed,2025-03-28,2026-03-23
2026,1282631,NETLIST INC,3674,semis,,,,,unmapped,2025-03-28,2026-03-19
2026,1286139,"LEGALZOOM.COM, INC.",7374,cloud,LZ,2021-06-30,2026-09-29,NASDAQ,listed,2025-02-26,2026-02-23
2026,1288469,"MAXLINEAR, INC",3674,semis,MXL,2010-03-24,2026-09-29,NASDAQ,listed,2025-01-29,2026-01-29
2026,1288847,"Five9, Inc.",7374,cloud,FIVN,2014-04-04,2026-09-29,NASDAQ,listed,2025-02-21,2026-02-20
2026,1290658,"IIOT-OXYS, Inc.",7372,cloud,,,,,unmapped,2025-04-30,2026-05-11
2026,1315098,Roblox Corp,7372,cloud,RBLX,2021-03-10,2026-09-29,NYSE,listed,2025-02-18,2026-02-11
2026,1321655,Palantir Technologies Inc.,7372,cloud,PLTR,2020-09-30,2026-09-29,NASDAQ,listed,2025-02-18,2026-02-17
2026,1326801,"Meta Platforms, Inc.",7370,cloud,META,2012-05-18,2026-09-29,NASDAQ,listed,2025-01-30,2026-01-29
2026,1327567,Palo Alto Networks Inc,3577,semis,PANW,2012-07-20,2026-09-29,NASDAQ,listed,2025-08-29,2026-09-10
2026,1327688,OOMA INC,7374,cloud,OOMA,2015-07-17,2026-09-29,NYSE,listed,2025-04-01,2026-04-03
2026,1327811,"Workday, Inc.",7374,cloud,WDAY,2012-10-12,2026-09-29,NASDAQ,listed,2025-03-11,2026-03-06
2026,1336920,"Leidos Holdings, Inc.",7373,cloud,LDOS,2006-10-13,2026-09-29,NYSE,listed,2025-02-11,2026-02-17
2026,1341439,ORACLE CORP,7372,cloud,ORCL,1986-03-12,2026-09-29,NYSE,listed,2025-06-18,2026-06-22
2026,1351636,"SOUNDTHINKING, INC.",7372,cloud,SSTI,2017-06-07,2026-09-29,NASDAQ,listed,2025-03-31,2026-03-30
2026,1352010,"EPAM Systems, Inc.",7371,cloud,EPAM,2012-02-08,2026-09-29,NYSE,listed,2025-02-28,2026-02-26
2026,1355839,INTELLIGENT PROTECTION MANAGEMENT CORP.,7370,cloud,IPM,2018-03-12,2026-09-29,NASDAQ,listed,2025-03-24,2026-03-17
2026,1361113,VARONIS SYSTEMS INC,7372,cloud,VRNS,2014-02-28,2026-09-29,NASDAQ,listed,2025-02-06,2026-02-04
2026,1372612,BOX INC,7372,cloud,BOX,2015-01-23,2026-09-29,NYSE,listed,2025-03-10,2026-03-09
2026,1373715,"ServiceNow, Inc.",7372,cloud,NOW,2012-06-29,2026-09-29,NYSE,listed,2025-01-30,2026-01-29
2026,1375365,"Super Micro Computer, Inc.",3571,semis,SMCI,2007-03-29,2026-09-29,NASDAQ,listed,2025-08-28,2026-08-31
2026,1378590,"Bridgeline Digital, Inc.",7372,cloud,BLIN,2007-06-29,2026-09-29,NASDAQ,listed,2025-12-19,2025-12-19
2026,1384905,"RingCentral, Inc.",7374,cloud,RNG,2013-09-27,2026-09-29,NYSE,listed,2025-02-26,2026-02-27
2026,1388295,OneMeta Inc.,7374,cloud,,,,,unmapped,2025-03-06,2026-04-15
2026,1392972,"PROS Holdings, Inc.",7371,cloud,PRO,2007-07-26,2025-12-08,NYSE,delisted,2025-02-12,2025-02-12
2026,1394056,"ONE STOP SYSTEMS, INC.",3571,semis,OSS,2018-02-01,2026-09-29,NASDAQ,listed,2025-03-19,2026-03-18
2026,1396536,"DUOS TECHNOLOGIES GROUP, INC.",7372,cloud,DUOT,2015-04-10,2026-09-29,NASDAQ,listed,2025-03-31,2026-03-31
2026,1397183,"Iveda Solutions, Inc.",7372,cloud,IVDA,2015-10-15,2026-09-29,NASDAQ,listed,2025-04-15,2026-03-31
2026,1402436,SS&C Technologies Holdings Inc,7372,cloud,SSNC,2010-03-31,2026-09-29,NASDAQ,listed,2025-03-03,2026-02-26
2026,1404655,HUBSPOT INC,7372,cloud,HUBS,2014-10-09,2026-09-29,NYSE,listed,2025-02-12,2026-02-11
2026,1410384,"Q2 Holdings, Inc.",7372,cloud,QTWO,2014-03-20,2026-09-29,NYSE,listed,2025-02-12,2026-02-11
2026,1419951,Data Storage Corp,7374,cloud,DTST,2010-09-20,2026-09-29,NASDAQ,listed,2025-03-31,2026-04-14
2026,1422930,"PubMatic, Inc.",7370,cloud,PUBM,2020-12-09,2026-09-29,NASDAQ,listed,2025-02-27,2026-02-26
2026,1432133,KALTURA INC,7372,cloud,KLTR,2021-07-21,2026-09-29,NASDAQ,listed,2025-02-20,2026-03-16
2026,1433195,APPFOLIO INC,7372,cloud,APPF,2015-06-26,2026-09-29,NASDAQ,listed,2025-02-06,2026-02-05
2026,1441683,APPIAN CORP,7372,cloud,APPN,2017-05-25,2026-09-29,NASDAQ,listed,2025-02-19,2026-02-19
2026,1441816,"MongoDB, Inc.",7372,cloud,MDB,2017-10-19,2026-09-29,NASDAQ,listed,2025-03-21,2026-03-11
2026,1442145,"Verisk Analytics, Inc.",7374,cloud,VRSK,2009-10-07,2026-09-29,NASDAQ,listed,2025-02-26,2026-02-18
2026,1445305,WORKIVA INC,7372,cloud,WK,2014-12-12,2026-09-29,NYSE,listed,2025-02-25,2026-02-19
2026,1447669,TWILIO INC,7372,cloud,TWLO,2016-06-23,2026-09-29,NYSE,listed,2025-02-26,2026-02-24
2026,1451809,SITIME Corp,3674,semis,SITM,2019-11-20,2026-09-29,NASDAQ,listed,2025-02-14,2026-02-11
2026,1454938,Teads Holding Co.,7370,cloud,TEAD,2021-07-23,2026-09-29,NASDAQ,listed,2025-03-07,2026-03-16
2026,1462056,"Backblaze, Inc.",7372,cloud,BLZE,2021-11-11,2026-09-29,NASDAQ,listed,2025-03-11,2026-03-10
2026,1467623,"DROPBOX, INC.",7372,cloud,DBX,2018-03-23,2026-09-29,NASDAQ,listed,2025-02-21,2026-02-20
2026,1474432,"Everpure, Inc.",3572,semis,P,2015-10-07,2026-09-29,NYSE,listed,2025-03-27,2026-03-25
2026,1474735,GENERAC HOLDINGS INC.,3621,infra,GNRC,2010-02-11,2026-09-29,NYSE,listed,2025-02-19,2026-02-18
2026,1476840,"Expensify, Inc.",7372,cloud,EXFY,2021-11-10,2026-09-29,NASDAQ,listed,2025-02-27,2026-02-26
2026,1477333,"Cloudflare, Inc.",7372,cloud,NET,2019-09-13,2026-09-29,NYSE,listed,2025-02-20,2026-02-26
2026,1477720,"Asana, Inc.",7372,cloud,ASAN,2020-09-30,2026-09-29,NYSE,listed,2025-03-18,2026-03-13
2026,1477960,LataMed AI Corp.,7370,cloud,,,,,unmapped,2025-04-23,2026-04-16
2026,1493594,"MACOM Technology Solutions Holdings, Inc.",3674,semis,MTSI,2012-03-15,2026-09-29,NASDAQ,listed,2025-11-14,2025-11-14
2026,1497230,Fyntechnical Innovations Inc,7374,cloud,,,,,unmapped,2025-04-15,2025-04-15
2026,1498148,Artificial Intelligence Technology Solutions Inc.,7372,cloud,,,,,unmapped,2025-05-29,2026-06-09
2026,1505952,"Huckleberry.ai, Inc.",7372,cloud,,,,,unmapped,2025-04-04,2026-04-16
2026,1506293,"PINTEREST, INC.",7370,cloud,PINS,2019-04-18,2026-09-29,NYSE,listed,2025-02-06,2026-02-12
2026,1517228,"Vistance Networks, Inc.",3663,network,VISN,2013-10-25,2026-09-29,NASDAQ,listed,2025-02-26,2026-02-26
2026,1517375,"Sprout Social, Inc.",7372,cloud,SPT,2019-12-13,2026-09-29,NASDAQ,listed,2025-02-26,2026-02-27
2026,1517413,"Fastly, Inc.",7372,cloud,FSLY,2019-05-17,2026-09-29,NASDAQ,listed,2025-02-26,2026-02-25
2026,1528396,"Guidewire Software, Inc.",7372,cloud,GWRE,2012-01-25,2026-09-29,NYSE,listed,2025-09-11,2026-09-11
2026,1529274,"ALKAMI TECHNOLOGY, INC.",7372,cloud,ALKT,2021-04-14,2026-09-29,NASDAQ,listed,2025-02-28,2026-02-26
2026,1535527,"CrowdStrike Holdings, Inc.",7372,cloud,CRWD,2019-06-12,2026-09-29,NASDAQ,listed,2025-03-10,2026-03-05
2026,1537435,TECOGEN INC.,3585,infra,TGEN,2014-05-20,2026-09-29,AMEX,listed,2025-03-18,2026-03-19
2026,1544522,Freshworks Inc.,7372,cloud,FRSH,2021-09-22,2026-09-29,NASDAQ,listed,2025-02-20,2026-02-26
2026,1549346,"Shutterstock, Inc.",7374,cloud,SSTK,2012-10-11,2026-09-29,NYSE,listed,2025-02-25,2026-02-17
2026,1559865,"EVERTEC, Inc.",7374,cloud,EVTC,2013-04-12,2026-09-29,NYSE,listed,2025-03-03,2026-03-02
2026,1561550,"Datadog, Inc.",7372,cloud,DDOG,2019-09-19,2026-09-29,NASDAQ,listed,2025-02-20,2026-02-18
2026,1562088,"Duolingo, Inc.",7372,cloud,DUOL,2021-07-28,2026-09-29,NASDAQ,listed,2025-02-28,2026-02-27
2026,1565687,"Intapp, Inc.",7372,cloud,INTA,2021-06-30,2026-09-29,NASDAQ,listed,2025-08-20,2026-08-14
2026,1568100,"PagerDuty, Inc.",7372,cloud,PD,2019-04-11,2026-09-29,NYSE,listed,2025-03-17,2026-03-12
2026,1569345,"Sprinklr, Inc.",7372,cloud,CXM,2021-06-23,2026-09-29,NYSE,listed,2025-03-21,2026-03-19
2026,1577526,"C3.ai, Inc.",7372,cloud,AI,2020-12-09,2026-09-29,NYSE,listed,2025-06-23,2026-06-24
2026,1580808,"A10 Networks, Inc.",3576,network,ATEN,2014-03-21,2026-09-29,NYSE,listed,2025-02-25,2026-02-25
2026,1581760,"Life360, Inc.",7374,cloud,LIF,2024-06-06,2026-09-29,NASDAQ,listed,2025-02-27,2026-03-02
2026,1582961,"DigitalOcean Holdings, Inc.",7370,cloud,DOCN,2021-03-24,2026-09-29,NYSE,listed,2025-02-25,2026-02-24
2026,1582982,"CareCloud, Inc.",7372,cloud,CCLD,2014-07-23,2026-09-29,NASDAQ,listed,2025-03-13,2026-03-12
2026,1583708,"SentinelOne, Inc.",7372,cloud,S,2021-06-30,2026-09-29,NYSE,listed,2025-03-26,2026-03-19
2026,1585521,"Zoom Communications, Inc.",7370,cloud,ZM,2019-04-18,2026-09-29,NASDAQ,listed,2025-02-28,2026-02-27
2026,1590955,"Paycom Software, Inc.",7372,cloud,PAYC,2014-04-15,2026-09-29,NYSE,listed,2025-02-20,2026-02-19
2026,1591698,Paylocity Holding Corp,7372,cloud,PCTY,2014-03-19,2026-09-29,NASDAQ,listed,2025-08-06,2026-08-05
2026,1593549,"Livento Group, Inc.",7372,cloud,,,,,unmapped,2025-04-17,2026-05-01
2026,1595974,"MAGNITE, INC.",7370,cloud,MGNI,2014-04-02,2026-09-29,NASDAQ,listed,2025-02-26,2026-02-25
2026,1596532,"Arista Networks, Inc.",3576,network,ANET,2014-06-06,2026-09-29,NYSE,listed,2025-02-19,2026-02-17
2026,1609711,GoDaddy Inc.,7373,cloud,GDDY,2015-04-01,2026-09-29,NYSE,listed,2025-02-20,2026-02-25
2026,1614178,"Yext, Inc.",7374,cloud,YEXT,2017-04-13,2026-09-29,NYSE,listed,2025-03-13,2026-03-10
2026,1615165,"Veritone, Inc.",7374,cloud,VERI,2017-05-12,2026-09-29,NASDAQ,listed,2025-04-01,2026-04-15
2026,1616533,"Penguin Solutions, Inc.",3674,semis,PENG,2017-05-24,2026-09-29,NASDAQ,listed,2025-10-21,2025-10-21
2026,1617553,"ZIPRECRUITER, INC.",7370,cloud,ZIP,2021-05-26,2026-09-29,NYSE,listed,2025-02-25,2026-02-25
2026,1618732,"Nutanix, Inc.",7372,cloud,NTNX,2016-09-30,2026-09-29,NASDAQ,listed,2025-09-24,2026-09-18
2026,1625278,"NERDWALLET, INC.",7374,cloud,NRDS,2021-11-04,2026-09-29,NASDAQ,listed,2025-02-19,2026-02-25
2026,1625641,"CS Disco, Inc.",7372,cloud,LAW,2021-07-21,2026-09-29,NYSE,listed,2025-02-20,2026-02-25
2026,1626450,"Commerce.com, Inc.",7372,cloud,CMRC,2020-08-05,2026-09-29,NASDAQ,listed,2025-02-27,2026-03-02
2026,1627475,"UPWORK, INC",7374,cloud,UPWK,2018-10-03,2026-09-29,NASDAQ,listed,2025-02-13,2026-02-13
2026,1631282,DATASEA INC.,7372,cloud,DTSS,2016-04-06,2026-09-29,NASDAQ,listed,2025-09-26,2025-09-26
2026,1633978,Lumentum Holdings Inc.,3669,network,LITE,2015-08-04,2026-09-29,NASDAQ,listed,2025-08-19,2026-08-17
2026,1636422,"Health Catalyst, Inc.",7370,cloud,HCAT,2019-07-25,2026-09-29,NASDAQ,listed,2025-02-26,2026-03-12
2026,1638826,"ServiceTitan, Inc.",7372,cloud,TTAN,2024-12-12,2026-09-29,NASDAQ,listed,2025-04-02,2026-03-25
2026,1640147,Snowflake Inc.,7372,cloud,SNOW,2020-09-16,2026-09-29,NYSE,listed,2025-03-21,2026-03-20
2026,1645590,Hewlett Packard Enterprise Co,3570,semis,HPE,2015-10-19,2026-09-29,NYSE,listed,2025-12-18,2025-12-18
2026,1650372,Atlassian Corp,7372,cloud,TEAM,2015-12-10,2026-09-29,NASDAQ,listed,2025-08-15,2026-08-14
2026,1651562,"Coursera, Inc.",7372,cloud,COUR,2021-03-31,2026-09-29,NYSE,listed,2025-02-24,2026-02-23
2026,1652044,Alphabet Inc.,7370,cloud,GOOGL,2004-08-19,2026-09-29,NASDAQ,listed,2025-02-05,2026-02-05
2026,1653482,Gitlab Inc.,7372,cloud,GTLB,2021-10-14,2026-09-29,NASDAQ,listed,2025-03-21,2026-03-17
2026,1660134,"Okta, Inc.",7372,cloud,OKTA,2017-04-07,2026-09-29,NASDAQ,listed,2025-03-05,2026-03-05
2026,1660280,"Tenable Holdings, Inc.",7372,cloud,TENB,2018-07-26,2026-09-29,NASDAQ,listed,2025-02-24,2026-02-27
2026,1662684,"KULR Technology Group, Inc.",3670,semis,KULR,2018-07-18,2026-09-29,AMEX,listed,2025-03-31,2026-03-31
2026,1662972,"Blackstone Real Estate Income Trust, Inc.",6798,infra,,,,,unmapped,2025-03-07,2026-02-27
2026,1664703,Bloom Energy Corp,3620,infra,BE,2018-07-25,2026-09-29,NYSE,listed,2025-02-27,2026-02-09
2026,1665300,"Phunware, Inc.",7374,cloud,PHUN,2016-10-28,2026-09-29,NASDAQ,listed,2025-03-31,2026-03-27
2026,1666071,"Cardlytics, Inc.",7370,cloud,CDLX,2018-02-09,2026-09-29,NASDAQ,listed,2025-03-12,2026-03-04
2026,1666134,"BLACKLINE, INC.",7372,cloud,BL,2016-10-28,2026-09-29,NASDAQ,listed,2025-02-21,2026-02-26
2026,1667011,"Arteris, Inc.",3674,semis,AIP,2021-10-27,2026-09-29,NASDAQ,listed,2025-02-18,2026-02-12
2026,1667313,"Zedge, Inc.",7372,cloud,ZDGE,2016-05-26,2026-09-29,AMEX,listed,2025-10-28,2025-10-28
2026,1671933,"Trade Desk, Inc.",7370,cloud,TTD,2016-09-21,2026-09-29,NASDAQ,listed,2025-02-21,2026-02-27
2026,1674101,Vertiv Holdings Co,3679,semis,VRT,2018-07-30,2026-09-29,NYSE,listed,2025-02-18,2026-02-13
2026,1676238,"Braze, Inc.",7372,cloud,BRZE,2021-11-17,2026-09-29,NASDAQ,listed,2025-03-31,2026-03-25
2026,1681622,Varex Imaging Corp,3679,semis,VREX,2017-01-20,2026-09-29,NASDAQ,listed,2025-11-18,2025-11-18
2026,1683606,Cars.com Inc.,7374,cloud,CARS,2017-06-01,2026-09-29,NYSE,listed,2025-02-27,2026-02-26
2026,1688568,DXC Technology Co,7374,cloud,DXC,2017-02-01,2026-09-29,NYSE,listed,2025-05-15,2026-05-08
2026,1697851,"Rekor Systems, Inc.",3669,network,REKR,2017-08-29,2026-09-29,NASDAQ,listed,2025-03-31,2026-03-31
2026,1699838,"Confluent, Inc.",7372,cloud,CFLT,2021-06-24,2026-03-17,NASDAQ,delisted,2025-02-18,2026-02-11
2026,1701732,Altair Engineering Inc.,7372,cloud,ALTR,2017-11-01,2025-03-26,NASDAQ,delisted,2025-02-20,2025-02-20
2026,1707753,Elastic N.V.,7372,cloud,ESTC,2018-10-05,2026-09-29,NYSE,listed,2025-06-10,2026-06-08
2026,1708055,Ribbon Communications Inc.,7373,cloud,RBBN,2017-11-29,2026-09-29,NASDAQ,listed,2025-02-27,2026-02-26
2026,1709628,"CLOUDASTRUCTURE, INC.",7370,cloud,CSAI,2025-01-30,2026-09-29,NASDAQ,listed,2025-03-31,2026-03-31
2026,1713445,"Reddit, Inc.",7374,cloud,RDDT,2024-03-21,2026-09-29,NYSE,listed,2025-02-13,2026-02-06
2026,1713683,"Zscaler, Inc.",7371,cloud,ZS,2018-03-16,2026-09-29,NASDAQ,listed,2025-09-11,2026-09-03
2026,1717115,"Tempus AI, Inc.",7370,cloud,TEM,2024-06-14,2026-09-29,NASDAQ,listed,2025-02-24,2026-02-24
2026,1718939,T Stamp Inc,7372,cloud,IDAI,2021-02-24,2026-09-29,NASDAQ,listed,2025-03-31,2026-03-31
2026,1720116,"Red Violet, Inc.",7372,cloud,RDVT,2018-03-26,2026-09-29,NASDAQ,listed,2025-02-27,2026-03-04
2026,1720420,IBEX Ltd,7374,cloud,IBEX,2020-08-07,2026-09-29,NASDAQ,listed,2025-09-11,2026-09-10
2026,1725057,"Dayforce, Inc.",7372,cloud,DAY,2018-04-26,2026-02-03,NYSE,delisted,2025-02-28,2025-02-28
2026,1730168,Broadcom Inc.,3674,semis,AVGO,2009-08-06,2026-09-29,NASDAQ,listed,2025-12-18,2025-12-18
2026,1734722,"UiPath, Inc.",7372,cloud,PATH,2021-04-21,2026-09-29,NYSE,listed,2025-03-24,2026-03-25
2026,1736297,"Astera Labs, Inc.",3674,semis,ALAB,2024-03-20,2026-09-29,NASDAQ,listed,2025-02-14,2026-02-20
2026,1739942,SolarWinds Corp,7372,cloud,SWI,2018-10-19,2025-04-16,NYSE,delisted,2025-02-19,2025-02-19
2026,1740797,"AVAI BIO, INC.",7374,cloud,,,,,unmapped,2025-07-08,2026-07-14
2026,1743725,"GRID DYNAMICS HOLDINGS, INC.",7372,cloud,GDYN,2018-10-30,2026-09-29,NASDAQ,listed,2025-02-27,2026-03-05
2026,1743759,"Corsair Gaming, Inc.",3577,semis,CRSR,2020-09-23,2026-09-29,NASDAQ,listed,2025-02-26,2026-02-25
2026,1758009,Quantum Computing Inc.,7372,cloud,QUBT,2018-08-01,2026-09-29,NASDAQ,listed,2025-03-20,2026-03-02
2026,1764046,CLARIVATE PLC,7374,cloud,CLVT,2018-10-29,2026-09-29,NYSE,listed,2025-02-19,2026-02-24
2026,1768267,Cerence Inc.,7372,cloud,CRNC,2019-09-16,2026-09-29,NASDAQ,listed,2025-11-20,2025-11-20
2026,1773383,"Dynatrace, Inc.",7372,cloud,DT,2019-08-01,2026-09-29,NYSE,listed,2025-05-22,2026-05-20
2026,1774675,Skillsoft Corp.,7372,cloud,SKIL,2019-07-26,2026-09-29,NYSE,listed,2025-04-14,2026-04-07
2026,1777921,"AvePoint, Inc.",7372,cloud,AVPT,2019-11-05,2026-09-29,NASDAQ,listed,2025-02-28,2026-02-26
2026,1786352,"BILL Holdings, Inc.",7372,cloud,BILL,2019-12-12,2026-09-29,NYSE,listed,2025-08-28,2026-08-20
2026,1788999,Xperi Inc.,7372,cloud,XPER,2022-09-20,2026-09-29,NYSE,listed,2025-02-27,2026-02-26
2026,1800347,"E2open Parent Holdings, Inc.",7374,cloud,ETWO,2020-06-15,2026-09-29,NYSE,delisted,2025-04-29,2025-04-29
2026,1800667,JFrog Ltd,7372,cloud,FROG,2020-09-16,2026-09-29,NASDAQ,listed,2025-02-14,2026-02-13
2026,1801661,Firy Inc.,7374,cloud,FIRY,2026-06-22,2026-09-29,NYSE,listed,2025-11-06,2026-03-31
2026,1805833,"System1, Inc.",7370,cloud,SST,2020-08-07,2026-09-29,NYSE,listed,2025-03-10,2026-03-11
2026,1806837,"Vertex, Inc.",7372,cloud,VERX,2020-07-29,2026-09-29,NASDAQ,listed,2025-02-27,2026-02-24
2026,1807794,Credo Technology Group Holding Ltd,3674,semis,CRDO,2022-01-27,2026-09-29,NASDAQ,listed,2025-07-02,2026-06-15
2026,1809519,"GoodRx Holdings, Inc.",7374,cloud,GDRX,2020-09-23,2026-09-29,NASDAQ,listed,2025-02-27,2026-02-26
2026,1810019,"Rackspace Technology, Inc.",7370,cloud,RXT,2020-08-05,2026-09-29,NASDAQ,listed,2025-03-21,2026-03-06
2026,1810806,Unity Software Inc.,7372,cloud,U,2020-09-18,2026-09-29,NYSE,listed,2025-02-21,2026-02-11
2026,1819394,"Matterport, Inc./DE",7372,cloud,MTTR,2021-02-02,2025-02-28,NASDAQ,delisted,2025-02-26,2025-02-26
2026,1819928,"DoubleVerify Holdings, Inc.",7370,cloud,DV,2021-04-21,2026-09-29,NYSE,listed,2025-02-27,2026-02-26
2026,1819974,"SkyWater Technology, LLC",3674,semis,SKYT,2021-04-21,2026-07-31,NASDAQ,delisted,2025-03-14,2026-03-11
2026,1820144,Grindr Inc.,7370,cloud,GRND,2021-01-14,2026-09-29,NYSE,listed,2025-03-07,2026-03-02
2026,1820875,CXApp Inc.,7372,cloud,CXAI,2021-02-04,2026-09-29,NASDAQ,listed,2025-04-07,2026-03-30
2026,1821769,Navitas Semiconductor Corp,3674,semis,NVTS,2021-01-25,2026-09-29,NASDAQ,listed,2025-03-19,2026-02-27
2026,1824920,"IonQ, Inc.",7373,cloud,IONQ,2021-01-04,2026-09-29,NYSE,listed,2025-02-26,2026-02-25
2026,1826681,Palladyne AI Corp.,7372,cloud,PDYN,2021-09-27,2026-09-29,NASDAQ,listed,2025-02-20,2026-03-05
2026,1827090,"Certara, Inc.",7372,cloud,CERT,2020-12-11,2026-09-29,NASDAQ,listed,2025-02-26,2026-02-26
2026,1828016,Playtika Holding Corp.,7374,cloud,PLTK,2021-01-15,2026-09-29,NASDAQ,listed,2025-02-27,2026-02-26
2026,1828108,"Aurora Innovation, Inc.",7373,cloud,AUR,2021-05-10,2026-09-29,NASDAQ,listed,2025-02-14,2026-02-11
2026,1828791,Viant Technology Inc.,7370,cloud,DSP,2021-02-10,2026-09-29,NASDAQ,listed,2025-03-03,2026-03-11
2026,1828805,"Aeluma, Inc.",3674,semis,ALMU,2022-11-16,2026-09-29,NASDAQ,listed,2025-09-09,2026-09-16
2026,1829864,"TaskUs, Inc.",7374,cloud,TASK,2021-06-11,2026-09-29,NASDAQ,listed,2025-03-06,2026-03-05
2026,1830043,Bumble Inc.,7370,cloud,BMBL,2021-02-11,2026-09-29,NASDAQ,listed,2025-02-28,2026-03-16
2026,1830081,RUM Group Inc.,7370,cloud,RUM,2021-04-14,2026-09-29,NASDAQ,listed,2025-03-25,2026-03-05
2026,1831840,"SEMrush Holdings, Inc.",7372,cloud,SEMR,2021-03-24,2026-04-28,NYSE,delisted,2025-03-03,2026-03-02
2026,1834488,"N-able, Inc.",7372,cloud,NABL,2021-07-19,2026-09-29,NYSE,listed,2025-03-07,2026-02-26
2026,1834494,"MeridianLink, Inc.",7372,cloud,MLNK,2021-07-27,2025-10-23,NYSE,delisted,2025-03-13,2025-03-13
2026,1835632,"Marvell Technology, Inc.",3674,semis,MRVL,2000-06-30,2026-09-29,NASDAQ,listed,2025-03-12,2026-03-11
2026,1835830,"Klaviyo, Inc.",7372,cloud,KVYO,2023-09-20,2026-09-29,NYSE,listed,2025-02-19,2026-02-10
2026,1836833,Planet Labs PBC,3663,network,PL,2021-04-26,2026-09-29,NYSE,listed,2025-03-26,2026-03-23
2026,1837686,"Vimeo, Inc.",7370,cloud,VMEO,2021-05-25,2025-11-24,NASDAQ,delisted,2025-02-19,2025-02-19
2026,1838163,Brand Engagement Network Inc.,7373,cloud,BNAI,2024-03-14,2026-09-29,NASDAQ,listed,2025-03-31,2026-04-16
2026,1838359,"Rigetti Computing, Inc.",7371,cloud,RGTI,2021-04-22,2026-09-29,NASDAQ,listed,2025-03-07,2026-03-04
2026,1839285,"Healthcare Triangle, Inc.",7373,cloud,HCTI,2021-10-13,2026-09-29,NASDAQ,listed,2025-03-31,2026-04-15
2026,1840502,Taboola.com Ltd.,7370,cloud,TBLA,2021-06-30,2026-09-29,NASDAQ,listed,2025-02-26,2026-02-25
2026,1840856,"SOUNDHOUND AI, INC.",7372,cloud,SOUN,2022-04-28,2026-09-29,NASDAQ,listed,2025-03-11,2026-03-02
2026,1842563,"Go Go Buyers, Inc.",7370,cloud,,,,,unmapped,2025-03-31,2026-04-14
2026,1842718,INTEGRAL AD SCIENCE HOLDING CORP.,7370,cloud,IAS,2021-06-30,2025-12-23,NASDAQ,delisted,2025-02-28,2025-02-28
2026,1843714,"Zapata Quantum, Inc.",7372,cloud,WS,2023-11-28,2026-09-29,NYSE,delisted,2025-12-09,2026-03-31
2026,1845022,"Couchbase, Inc.",7372,cloud,BASE,2021-07-22,2025-09-24,NASDAQ,delisted,2025-03-25,2025-03-25
2026,1845437,Net Power Inc.,3620,infra,NPWR,2021-08-06,2026-09-29,NYSE,listed,2025-03-10,2026-03-09
2026,1846069,"Nextdoor Holdings, Inc.",7370,cloud,NXDR,2021-03-24,2026-09-29,NYSE,listed,2025-02-27,2026-02-18
2026,1848672,Glidelogic Corp.,7371,cloud,,,,,unmapped,2025-04-25,2026-04-27
2026,1849635,Trump Media & Technology Group Corp.,7370,cloud,DJT,2021-09-30,2026-09-29,NASDAQ,listed,2025-02-14,2026-02-27
2026,1851003,Zeta Global Holdings Corp.,7372,cloud,ZETA,2021-06-10,2026-09-29,NYSE,listed,2025-02-26,2026-02-25
2026,1855474,AirJoule Technologies Corp.,3585,infra,AIRJ,2024-03-15,2026-09-29,NASDAQ,listed,2025-03-25,2026-03-31
2026,1858257,"AvidXchange Holdings, Inc.",7372,cloud,AVDX,2021-10-13,2025-10-15,NASDAQ,delisted,2025-02-28,2025-02-28
2026,1866368,"Clearwater Analytics Holdings, Inc.",7372,cloud,CWAN,2021-09-24,2026-07-02,NYSE,delisted,2025-02-26,2026-02-18
2026,1866692,"Amplitude, Inc.",7372,cloud,AMPL,2021-09-28,2026-09-29,NASDAQ,listed,2025-02-20,2026-02-19
2026,1867072,"Kyndryl Holdings, Inc.",7373,cloud,KD,2021-10-22,2026-09-29,NYSE,listed,2025-05-30,2026-05-29
2026,1868516,"StratCap Digital Infrastructure REIT, Inc.",6798,infra,,,,,unmapped,2025-05-09,2026-03-31
2026,1868778,Informatica Inc.,7372,cloud,INFA,2021-10-27,2026-09-29,NYSE,delisted,2025-02-25,2025-02-25
2026,1871638,"Blaize Holdings, Inc.",3674,semis,BZAI,2022-01-31,2026-09-29,NASDAQ,listed,2025-04-15,2026-03-24
2026,1873722,Bubblr Inc.,7370,cloud,,,,,unmapped,2025-03-31,2026-03-31
2026,1874097,Cyngn Inc.,7371,cloud,CYN,2021-10-20,2026-09-29,NASDAQ,listed,2025-03-06,2026-03-27
2026,1879001,Verses AI Inc.,7370,cloud,,,,,unmapped,2025-07-14,2025-07-14
2026,1880431,Vocodia Holdings Corp,7371,cloud,,,,,unmapped,2025-04-30,2025-04-30
2026,1882850,"Apollo Realty Income Solutions, Inc.",6798,infra,,,,,unmapped,2025-03-21,2026-03-10
2026,1886894,"Snail, Inc.",7372,cloud,SNAL,2022-11-10,2026-09-29,NASDAQ,listed,2025-03-26,2026-03-19
2026,1889956,"OneStream, Inc.",7372,cloud,OS,2024-07-24,2026-09-29,NASDAQ,delisted,2025-02-27,2026-02-26
2026,1902733,"nCino, Inc.",7372,cloud,NCNO,2020-07-14,2026-09-29,NASDAQ,listed,2025-04-01,2026-03-31
2026,1907982,D-Wave Quantum Inc.,7374,cloud,QBTS,2022-08-08,2026-09-29,NYSE,listed,2025-03-14,2026-02-26
2026,1909770,KHEOBA CORP.,7371,cloud,,,,,unmapped,2025-01-03,2025-01-03
2026,1910139,Mobileye Global Inc.,7372,cloud,MBLY,2022-10-26,2026-09-29,NASDAQ,listed,2025-02-13,2026-02-12
2026,1940177,"PodcastOne, Inc.",7370,cloud,PODC,2023-09-08,2026-09-29,NASDAQ,listed,2025-07-02,2026-06-29
2026,1943289,"Silvaco Group, Inc.",7372,cloud,SVCO,2024-05-09,2026-09-29,NASDAQ,listed,2025-03-05,2026-03-12
2026,1943896,"Rubrik, Inc.",7372,cloud,RBRK,2024-04-25,2026-09-29,NYSE,listed,2025-03-20,2026-03-19
2026,1976663,"Nexscient, Inc.",7372,cloud,,,,,unmapped,2025-09-30,2025-09-30
2026,1977837,MADE IN USA INC.,7374,cloud,,,,,unmapped,2025-05-29,2026-06-22
2026,1980295,IMA Tech,7372,cloud,,,,,unmapped,2025-07-22,2025-07-22
2026,1983736,Eva Live Inc,7370,cloud,GOAI,2009-01-22,2026-09-29,NASDAQ,listed,2025-04-14,2026-03-16
2026,2023554,Sandisk Corp,3572,semis,SNDK,2025-02-24,2026-09-29,NASDAQ,listed,2025-08-21,2026-08-17
2026,2026353,"Aether Holdings, Inc.",7372,cloud,ATHR,2025-04-10,2026-09-29,NASDAQ,listed,2025-12-17,2025-12-17
2026,2057381,Readvantage Corp.,7374,cloud,,,,,unmapped,2025-09-26,2026-09-22
